Work Item Type,Title,Description,Acceptance Criteria,Priority,Story Points,Iteration Path,Area Path,Tags,State,Parent
User Story,US-0001 · Contrato de producto y alcance MVP,"<p>Como Product Owner, quiero disponer de una visión, personas, métricas, alcance y exclusiones aprobadas, para evitar construir funciones vistosas que no validen el negocio.</p><p>Origen: Backlog_Ejecutable · ID interno: US-0001</p>","<ol><li>Dado que existe la propuesta, el prototipo y la referencia AI Mirror, cuando se revisa el contrato, entonces incluye problema, segmentos B2C/B2B, propuesta de valor, KPI y supuestos.</li><li>Dado que el MVP debe salir en tres meses, cuando se consulta el alcance, entonces incluye medidas manuales, talla, catálogo y overlay 2D; excluye física realista, pagos y multi-tenant.</li><li>Dado que una decisión cambia alcance, costo o fecha, cuando el PO la aprueba, entonces queda registrada con fecha, responsable e impacto.</li></ol>",1,3,Outfit\Sprint 0,Outfit,EP-00; Fase 1 - MVP; Historia,New,
User Story,EN-0002 · Arquitectura Android modular y offline-first,"<p>Como equipo de desarrollo, quiero contar con módulos de UI, dominio y datos desacoplados mediante repositorios, para cambiar fuentes de datos sin reescribir las pantallas.</p><p>Origen: Backlog_Ejecutable · ID interno: EN-0002</p>","<ol><li>Dado que se crea la solución, cuando se inspecciona la estructura, entonces separan app, core, datos y features con dependencias unidireccionales.</li><li>Dado que una pantalla necesita datos, cuando se implementa, entonces accede mediante ViewModel y repositorio, nunca directamente a Firebase o Room.</li><li>Dado que no hay conectividad, cuando se abre contenido previamente sincronizado, entonces la app entrega datos locales y muestra su estado de actualización.</li></ol>",1,5,Outfit\Sprint 0,Outfit,EP-00; Fase 1 - MVP; Enabler; architecture; android; offline,New,
User Story,"EN-0003 · Repositorio, estrategia Git y plantillas","<p>Como equipo de desarrollo, quiero trabajar con ramas cortas, revisiones y plantillas consistentes, para reducir retrabajo y mantener trazabilidad historia-código.</p><p>Origen: Backlog_Ejecutable · ID interno: EN-0003</p>","<ol><li>Dado que se abre un pull request, cuando la plantilla carga, entonces solicita historia, evidencia, riesgos, pruebas y capturas.</li><li>Dado que un cambio afecta código protegido, cuando se solicita merge, entonces requiere revisión y controles exitosos.</li><li>Dado que se crea una incidencia, cuando se elige plantilla, entonces existen formatos para historia, defecto, spike y deuda técnica.</li></ol>",1,3,Outfit\Sprint 0,Outfit,EP-00; Fase 1 - MVP; Enabler; git; governance,New,
User Story,EN-0004 · Integración continua Android,"<p>Como equipo de desarrollo, quiero ejecutar build, lint y pruebas en cada pull request, para detectar fallos antes de integrar.</p><p>Depende de: EN-0003</p><p>Origen: Backlog_Ejecutable · ID interno: EN-0004</p>","<ol><li>Dado que se abre o actualiza un PR, cuando se activa el workflow, entonces ejecuta Gradle Wrapper, lint, pruebas unitarias y assembleDebug.</li><li>Dado que cualquier control falla, cuando finaliza el workflow, entonces el estado bloquea el merge y conserva los reportes.</li><li>Dado que todos los controles pasan, cuando finaliza el workflow, entonces publica el APK de debug como artefacto versionado.</li></ol>",1,5,Outfit\Sprint 0,Outfit,EP-00; Fase 1 - MVP; Enabler; ci; github-actions; gradle,New,
User Story,EN-0005 · Entornos y gestión de secretos,"<p>Como equipo de desarrollo, quiero separar configuración local, desarrollo, pruebas y producción, para evitar fugas y pruebas sobre datos reales.</p><p>Depende de: EN-0003</p><p>Origen: Backlog_Ejecutable · ID interno: EN-0005</p>","<ol><li>Dado que un desarrollador clona el repositorio, cuando compila sin secretos productivos, entonces usa configuración local documentada y emuladores.</li><li>Dado que se analiza el repositorio, cuando se buscan credenciales, entonces no existen llaves, tokens ni archivos de servicio versionados.</li><li>Dado que una versión se despliega, cuando selecciona su entorno, entonces usa proyecto, endpoint, logging y feature flags correspondientes.</li></ol>",1,3,Outfit\Sprint 0,Outfit,EP-00; Fase 1 - MVP; Enabler; devsecops; secrets,New,
User Story,EN-1501 · Mapa de datos y modelo inicial de amenazas,"<p>Como responsable de privacidad, quiero identificar datos personales, corporales, imágenes, finalidades, accesos y retención, para aplicar privacidad desde el diseño.</p><p>Origen: Backlog_Ejecutable · ID interno: EN-1501</p>","<ol><li>Dado que se revisan los flujos, cuando se completa el inventario, entonces cada dato tiene finalidad, base de autorización, ubicación, responsable y retención.</li><li>Dado que se identifica un dato corporal o imagen, cuando se clasifica, entonces queda marcado como sensible/alto impacto y con controles reforzados.</li><li>Dado que se modelan amenazas, cuando se priorizan, entonces existen mitigaciones y propietario para riesgos altos antes de producción.</li></ol>",1,5,Outfit\Sprint 0,Outfit,EP-15; Fase 1 - MVP; Enabler; privacy; security,New,
User Story,US-0101 · Onboarding orientado a valor,"<p>Como persona visitante, quiero entender en máximo cuatro pantallas qué resuelve VístIA y qué necesita de mí, para decidir informadamente si deseo comenzar.</p><p>Depende de: US-0001</p><p>Origen: Backlog_Ejecutable · ID interno: US-0101</p>","<ol><li>Dado que es la primera apertura, cuando se muestra el onboarding, entonces explica talla, estilo, avatar y probador sin prometer precisión no validada.</li><li>Dado que la persona avanza o retrocede, cuando usa los controles, entonces conserva el progreso y conoce cuántos pasos faltan.</li><li>Dado que pulsa omitir, cuando sale del onboarding, entonces llega al acceso y puede consultar política de privacidad.</li></ol>",1,3,Outfit\Sprint 1,Outfit,EP-01; Fase 1 - MVP; Historia,New,
User Story,US-0102 · Registro con correo,"<p>Como persona visitante, quiero crear una cuenta mediante correo y contraseña, para guardar mi perfil y usarlo en otros dispositivos.</p><p>Depende de: EN-0005</p><p>Origen: Backlog_Ejecutable · ID interno: US-0102</p>","<ol><li>Dado que el correo es válido y la contraseña cumple la política, cuando envía el registro, entonces se crea la cuenta y se solicita verificación.</li><li>Dado que el correo ya existe, cuando intenta registrarse, entonces recibe un mensaje no revelador y la opción de iniciar sesión o recuperar acceso.</li><li>Dado que faltan datos, cuando envía el formulario, entonces los campos se validan en línea sin perder la información digitada.</li></ol>",1,5,Outfit\Sprint 1,Outfit,EP-01; Fase 1 - MVP; Historia,New,
User Story,US-0103 · Acceso con Google,"<p>Como persona visitante, quiero registrarme o entrar con Google, para reducir fricción sin crear otra contraseña.</p><p>Depende de: US-0102</p><p>Origen: Backlog_Ejecutable · ID interno: US-0103</p>","<ol><li>Dado que elijo Google, cuando completo el flujo autorizado, entonces se crea o recupera una única cuenta vinculada.</li><li>Dado que cancelo o falla el proveedor, cuando regreso a VístIA, entonces la app mantiene estado seguro y ofrece reintento u otro método.</li><li>Dado que ya existe una cuenta con el mismo correo, cuando se valida la identidad, entonces no se duplican perfil, medidas ni favoritos.</li></ol>",2,3,Outfit\Sprint 1,Outfit,EP-01; Fase 1 - MVP; Historia,New,
User Story,"US-0104 · Inicio, cierre y recuperación de sesión","<p>Como persona usuaria, quiero iniciar, mantener, cerrar y recuperar mi sesión, para acceder de forma segura sin quedar bloqueada.</p><p>Depende de: US-0102</p><p>Origen: Backlog_Ejecutable · ID interno: US-0104</p>","<ol><li>Dado que las credenciales son correctas, cuando inicio sesión, entonces accedo al inicio y la sesión persiste de forma segura.</li><li>Dado que solicito recuperación, cuando confirmo el correo, entonces recibo un enlace de un solo uso con vigencia limitada.</li><li>Dado que cierro sesión, cuando finaliza el proceso, entonces se eliminan tokens locales y no se muestran datos personales en retorno.</li></ol>",1,5,Outfit\Sprint 1,Outfit,EP-01; Fase 1 - MVP; Historia,New,
User Story,US-0105 · Consentimiento explícito y versionado,"<p>Como persona usuaria, quiero conocer finalidades y autorizar por separado perfil corporal, imágenes, analítica y marketing, para controlar el uso de mis datos.</p><p>Depende de: EN-1501</p><p>Origen: Backlog_Ejecutable · ID interno: US-0105</p>","<ol><li>Dado que aún no he autorizado datos corporales, cuando intento medir o cargar una foto, entonces la app bloquea el flujo y explica finalidad, carácter facultativo y derechos.</li><li>Dado que acepto una finalidad, cuando se registra el consentimiento, entonces guarda versión, fecha, canal, texto y usuario de forma auditable.</li><li>Dado que rechazo marketing o analítica opcional, cuando continúo, entonces puedo usar el núcleo del servicio sin consentimiento forzado.</li></ol>",1,5,Outfit\Sprint 1,Outfit,EP-01; Fase 1 - MVP; Historia; privacy; consent,New,
User Story,EN-1502 · Reglas de seguridad y App Check,"<p>Como responsable de seguridad, quiero restringir recursos por identidad, rol y aplicación válida, para evitar acceso directo o automatizado no autorizado.</p><p>Depende de: EN-0005,EN-1501</p><p>Origen: Backlog_Ejecutable · ID interno: EN-1502</p>","<ol><li>Dado que una solicitud no tiene usuario válido, cuando intenta leer perfil o medidas, entonces es rechazada por reglas del backend.</li><li>Dado que un usuario autenticado consulta otro perfil, cuando se evalúa la regla, entonces la operación es denegada y auditada.</li><li>Dado que el cliente no presenta atestación válida en producción, cuando invoca un recurso protegido, entonces la solicitud se rechaza sin exponer detalles.</li></ol>",1,5,Outfit\Sprint 1,Outfit,EP-15; Fase 1 - MVP; Enabler; firebase; app-check; security,New,
User Story,US-0201 · Perfil personal mínimo,"<p>Como persona usuaria, quiero registrar nombre visible, rango de edad, país y preferencias básicas, para personalizar mi experiencia sin entregar datos innecesarios.</p><p>Depende de: US-0105</p><p>Origen: Backlog_Ejecutable · ID interno: US-0201</p>","<ol><li>Dado que completo los campos obligatorios, cuando guardo el perfil, entonces queda asociado a mi cuenta y disponible al volver.</li><li>Dado que un campo opcional está vacío, cuando guardo, entonces el sistema no impide avanzar ni inventa valores.</li><li>Dado que intento ingresar una edad fuera del público permitido, cuando valido el formulario, entonces se bloquea el tratamiento corporal y se informa la política de edad.</li></ol>",1,3,Outfit\Sprint 2,Outfit,EP-02; Fase 1 - MVP; Historia,New,
User Story,US-0202 · Captura manual de medidas,"<p>Como persona usuaria, quiero registrar altura, pecho/busto, cintura, cadera y largo relevante, para recibir recomendaciones de talla aunque mi celular no soporte AR.</p><p>Depende de: US-0105</p><p>Origen: Backlog_Ejecutable · ID interno: US-0202</p>","<ol><li>Dado que acepté el consentimiento, cuando abro Mis medidas, entonces veo instrucciones visuales y unidad seleccionada para cada medida.</li><li>Dado que completo valores válidos, cuando guardo, entonces las medidas se persisten con fecha y método manual.</li><li>Dado que omito una medida requerida para una prenda, cuando solicito talla, entonces se indica exactamente qué dato falta y cómo tomarlo.</li></ol>",1,5,Outfit\Sprint 2,Outfit,EP-02; Fase 1 - MVP; Historia,New,
User Story,US-0203 · Validación y conversión de unidades,"<p>Como persona usuaria, quiero usar centímetros o pulgadas con controles de plausibilidad, para evitar recomendaciones erróneas por digitación.</p><p>Depende de: US-0202</p><p>Origen: Backlog_Ejecutable · ID interno: US-0203</p>","<ol><li>Dado que cambio de cm a pulgadas, cuando se convierte el formulario, entonces los valores equivalentes se conservan sin pérdida material.</li><li>Dado que ingreso un valor fuera de rangos plausibles, cuando salgo del campo, entonces se muestra alerta y no se usa para recomendar.</li><li>Dado que existe una combinación incoherente, cuando guardo, entonces el sistema solicita confirmación o corrección sin diagnosticar el cuerpo.</li></ol>",1,3,Outfit\Sprint 2,Outfit,EP-02; Fase 1 - MVP; Historia,New,
User Story,US-0204 · Cuestionario de estilo,"<p>Como persona usuaria, quiero seleccionar estilos, ocasiones y nivel de ajuste preferido, para recibir sugerencias que se parezcan a mí.</p><p>Depende de: US-0201</p><p>Origen: Backlog_Ejecutable · ID interno: US-0204</p>","<ol><li>Dado que inicio el cuestionario, cuando selecciono una o varias opciones, entonces puedo ver ejemplos y cambiar respuestas antes de guardar.</li><li>Dado que no deseo responder una pregunta, cuando la omito, entonces el perfil queda incompleto pero usable y se marca la incertidumbre.</li><li>Dado que actualizo una preferencia, cuando guardo, entonces las recomendaciones futuras usan la versión más reciente.</li></ol>",1,5,Outfit\Sprint 2,Outfit,EP-02; Fase 1 - MVP; Historia,New,
User Story,US-0205 · Preferencias de color y restricciones,"<p>Como persona usuaria, quiero indicar colores favoritos, evitados y restricciones de vestuario, para descartar sugerencias que no usaría.</p><p>Depende de: US-0204</p><p>Origen: Backlog_Ejecutable · ID interno: US-0205</p>","<ol><li>Dado que selecciono colores, cuando guardo, entonces se registran por categorías normalizadas y no por texto ambiguo.</li><li>Dado que marco una restricción, cuando se generan sugerencias, entonces se excluyen prendas incompatibles salvo que pida verlas.</li><li>Dado que elimino una restricción, cuando actualizo el perfil, entonces deja de afectar nuevas recomendaciones.</li></ol>",2,3,Outfit\Sprint 2,Outfit,EP-02; Fase 1 - MVP; Historia,New,
User Story,EN-0206 · Persistencia local y sincronización de perfil,"<p>Como equipo de desarrollo, quiero guardar perfil y medidas localmente con sincronización segura, para mantener continuidad ante red intermitente.</p><p>Depende de: EN-0002,US-0202</p><p>Origen: Backlog_Ejecutable · ID interno: EN-0206</p>","<ol><li>Dado que no hay internet, cuando edito una medida, entonces el cambio queda en cola con estado pendiente y no se pierde.</li><li>Dado que vuelve la conectividad, cuando corre la sincronización, entonces se envía una vez y el usuario ve el resultado.</li><li>Dado que hay conflicto entre dispositivos, cuando se sincroniza, entonces se aplica la política documentada y se conserva trazabilidad.</li></ol>",1,8,Outfit\Sprint 2,Outfit,EP-02; Fase 1 - MVP; Enabler; room; sync; offline,New,
User Story,US-0401 · Inicio y navegación del catálogo,"<p>Como persona usuaria, quiero ver categorías, tendencias y recomendaciones iniciales, para encontrar rápidamente prendas relevantes.</p><p>Depende de: EN-0206</p><p>Origen: Backlog_Ejecutable · ID interno: US-0401</p>","<ol><li>Dado que abro Inicio, cuando carga el catálogo, entonces veo secciones con título, imagen, precio y disponibilidad básica.</li><li>Dado que una sección no tiene datos, cuando se renderiza, entonces no deja espacios rotos y muestra una alternativa útil.</li><li>Dado que toco una tarjeta, cuando navego, entonces llego al detalle correcto y puedo volver conservando la posición.</li></ol>",1,5,Outfit\Sprint 3,Outfit,EP-04; Fase 1 - MVP; Historia,New,
User Story,"US-0402 · Búsqueda, filtros y ordenamiento","<p>Como persona usuaria, quiero buscar y filtrar por tipo, marca, talla, color, precio y stock, para reducir el catálogo a opciones comprables.</p><p>Depende de: US-0401</p><p>Origen: Backlog_Ejecutable · ID interno: US-0402</p>","<ol><li>Dado que escribo al menos dos caracteres, cuando busco, entonces recibo resultados relevantes y una opción de limpiar.</li><li>Dado que aplico varios filtros, cuando se actualiza la lista, entonces solo aparecen productos que cumplen todos los filtros seleccionados.</li><li>Dado que no hay resultados, cuando se muestra el estado vacío, entonces puedo retirar filtros sin perder la consulta.</li></ol>",1,5,Outfit\Sprint 3,Outfit,EP-04; Fase 1 - MVP; Historia,New,
User Story,US-0403 · Detalle de prenda y variantes,"<p>Como persona usuaria, quiero consultar imágenes, material, colores, tallas, precio y guía de cuidado, para evaluar la prenda antes de probarla.</p><p>Depende de: US-0401</p><p>Origen: Backlog_Ejecutable · ID interno: US-0403</p>","<ol><li>Dado que abro un producto, cuando carga el detalle, entonces veo información vigente y variantes disponibles.</li><li>Dado que cambio color o talla, cuando selecciono la variante, entonces imagen, precio y stock se actualizan de forma coherente.</li><li>Dado que falta un dato crítico, cuando se muestra el detalle, entonces se indica no disponible y no se inventa información.</li></ol>",1,5,Outfit\Sprint 3,Outfit,EP-04; Fase 1 - MVP; Historia,New,
User Story,US-0404 · Stock por tienda,"<p>Como persona usuaria, quiero ver disponibilidad por ubicación y momento de actualización, para evitar elegir prendas agotadas.</p><p>Depende de: US-0403</p><p>Origen: Backlog_Ejecutable · ID interno: US-0404</p>","<ol><li>Dado que concedí o seleccioné una ubicación, cuando consulto una variante, entonces veo stock por tienda y fecha/hora de actualización.</li><li>Dado que el stock no puede confirmarse, cuando consulto, entonces la app muestra estado desconocido y evita afirmar que está disponible.</li><li>Dado que cambia la variante, cuando se consulta stock, entonces la respuesta corresponde al SKU seleccionado.</li></ol>",1,5,Outfit\Sprint 3,Outfit,EP-04; Fase 1 - MVP; Historia,New,
User Story,US-0801 · Guardar y retirar favoritos,"<p>Como persona usuaria, quiero marcar prendas y outfits como favoritos, para reencontrarlos sin repetir la búsqueda.</p><p>Depende de: US-0403,EN-0206</p><p>Origen: Backlog_Ejecutable · ID interno: US-0801</p>","<ol><li>Dado que una prenda no está guardada, cuando toco el corazón, entonces se agrega una sola vez y el estado cambia inmediatamente.</li><li>Dado que estoy sin red, cuando guardo o retiro, entonces el cambio queda local y se sincroniza después.</li><li>Dado que retiro un favorito, cuando confirmo, entonces desaparece de Favoritos sin borrar el producto del catálogo.</li></ol>",1,3,Outfit\Sprint 3,Outfit,EP-08; Fase 1 - MVP; Historia,New,
User Story,EN-0405 · Caché y paginación del catálogo,"<p>Como equipo de desarrollo, quiero cargar el catálogo por páginas y conservar contenido reciente, para evitar esperas y consumo innecesario de datos.</p><p>Depende de: US-0401</p><p>Origen: Backlog_Ejecutable · ID interno: EN-0405</p>","<ol><li>Dado que abro una lista extensa, cuando llego al final visible, entonces se solicita la siguiente página sin duplicados.</li><li>Dado que el catálogo está en caché, cuando abro la app sin internet, entonces puedo consultar lo sincronizado con indicador de antigüedad.</li><li>Dado que un recurso gráfico falla, cuando se muestra la tarjeta, entonces usa placeholder y permite reintento sin bloquear la lista.</li></ol>",1,5,Outfit\Sprint 3,Outfit,EP-04; Fase 1 - MVP; Enabler; performance; offline,New,
User Story,EN-0501 · Modelo de tablas de talla por marca y prenda,"<p>Como especialista de catálogo, quiero cargar reglas de talla versionadas por marca, categoría y sexo de tallaje, para alimentar un motor trazable.</p><p>Depende de: US-0403</p><p>Origen: Backlog_Ejecutable · ID interno: EN-0501</p>","<ol><li>Dado que se define una tabla, cuando se valida, entonces contiene unidad, rangos no solapados, versión, vigencia y fuente.</li><li>Dado que una tabla tiene huecos o cruces, cuando se intenta publicar, entonces se bloquea y señala las filas afectadas.</li><li>Dado que una nueva versión entra en vigor, cuando se publica, entonces las recomendaciones nuevas la usan y las anteriores conservan referencia.</li></ol>",1,5,Outfit\Sprint 4,Outfit,EP-05; Fase 1 - MVP; Enabler,New,
User Story,US-0502 · Recomendar talla con medidas manuales,"<p>Como persona usuaria, quiero obtener la talla sugerida para una prenda, para comprar con menos incertidumbre.</p><p>Depende de: US-0202,EN-0501</p><p>Origen: Backlog_Ejecutable · ID interno: US-0502</p>","<ol><li>Dado que mis medidas y la tabla están completas, cuando solicito talla, entonces recibo una talla calculada para la variante y marca seleccionadas.</li><li>Dado que estoy entre dos tallas, cuando se calcula, entonces se muestran ambas con efecto esperado según mi preferencia de ajuste.</li><li>Dado que falta una tabla válida, cuando solicito, entonces no se inventa talla y se ofrece la guía general o soporte.</li></ol>",1,8,Outfit\Sprint 4,Outfit,EP-05; Fase 1 - MVP; Historia,New,
User Story,US-0503 · Confianza y explicación de talla,"<p>Como persona usuaria, quiero saber por qué se recomienda una talla y cuánta confianza tiene, para decidir con criterio y corregir datos.</p><p>Depende de: US-0502</p><p>Origen: Backlog_Ejecutable · ID interno: US-0503</p>","<ol><li>Dado que existe una recomendación, cuando veo el resultado, entonces muestra medidas utilizadas, tabla, nivel de confianza y limitaciones.</li><li>Dado que una medida está cerca del límite, cuando se explica, entonces resalta el posible ajuste holgado o ceñido.</li><li>Dado que edito una medida, cuando recalculo, entonces la explicación y confianza se actualizan.</li></ol>",1,5,Outfit\Sprint 4,Outfit,EP-05; Fase 1 - MVP; Historia,New,
User Story,US-0601 · Captura fotográfica guiada,"<p>Como persona usuaria, quiero tomar o elegir una foto de cuerpo completo con guía de postura, para generar una prueba 2D utilizable.</p><p>Depende de: US-0105</p><p>Origen: Backlog_Ejecutable · ID interno: US-0601</p>","<ol><li>Dado que concedo permiso de cámara, cuando abro la captura, entonces veo encuadre, distancia, iluminación y postura recomendados.</li><li>Dado que no concedo permiso, cuando continúo, entonces puedo elegir una imagen o usar el modo sin foto.</li><li>Dado que la imagen no cumple mínimos, cuando se analiza, entonces se explica el problema y se solicita repetir sin almacenarla como resultado.</li></ol>",1,5,Outfit\Sprint 4,Outfit,EP-06; Fase 1 - MVP; Historia,New,
User Story,EN-0602 · Detección de pose y silueta,"<p>Como equipo de desarrollo, quiero detectar puntos corporales en el dispositivo y evaluar su confianza, para posicionar la prenda sin enviar la imagen al servidor en el MVP.</p><p>Depende de: US-0601,EN-1501</p><p>Origen: Backlog_Ejecutable · ID interno: EN-0602</p>","<ol><li>Dado que hay una persona visible, cuando se ejecuta el detector, entonces obtiene puntos de pose y confianza en el dispositivo.</li><li>Dado que faltan puntos críticos o la confianza es baja, cuando se procesa, entonces no genera overlay automático y solicita nueva captura.</li><li>Dado que se registra analítica, cuando finaliza el análisis, entonces no incluye la imagen ni coordenadas identificables.</li></ol>",1,8,Outfit\Sprint 4,Outfit,EP-06; Fase 1 - MVP; Enabler; ml-kit; on-device; pose,New,
User Story,US-0603 · Overlay 2D de prenda,"<p>Como persona usuaria, quiero ver una prenda PNG/WebP ajustada a mi silueta, para imaginar el look antes de comprar.</p><p>Depende de: EN-0602,US-0403</p><p>Origen: Backlog_Ejecutable · ID interno: US-0603</p>","<ol><li>Dado que la pose y el activo son válidos, cuando selecciono Probar, entonces la prenda se escala y posiciona sobre torso o piernas según categoría.</li><li>Dado que giro o recorto la imagen, cuando actualizo la vista, entonces el overlay conserva relación con la pose y no sale del lienzo.</li><li>Dado que no puede estimarse el ajuste, cuando se presenta el resultado, entonces se etiqueta como visualización aproximada y no como caída real de tela.</li></ol>",1,8,Outfit\Sprint 5,Outfit,EP-06; Fase 1 - MVP; Historia,New,
User Story,US-0604 · Ajuste manual del overlay,"<p>Como persona usuaria, quiero mover y escalar la prenda cuando el ajuste automático no sea exacto, para obtener una composición útil sin repetir toda la captura.</p><p>Depende de: US-0603</p><p>Origen: Backlog_Ejecutable · ID interno: US-0604</p>","<ol><li>Dado que el overlay está visible, cuando arrastro o escalo, entonces los cambios tienen límites y respuesta inmediata.</li><li>Dado que quiero regresar, cuando pulso restablecer, entonces se recupera el ajuste automático original.</li><li>Dado que guardo el look, cuando finaliza, entonces se almacena la transformación usada junto a la prueba.</li></ol>",2,5,Outfit\Sprint 5,Outfit,EP-06; Fase 1 - MVP; Historia,New,
User Story,US-0605 · Guardar y compartir una prueba,"<p>Como persona usuaria, quiero guardar el resultado y compartir una imagen sin datos sensibles, para comparar o pedir opinión.</p><p>Depende de: US-0603</p><p>Origen: Backlog_Ejecutable · ID interno: US-0605</p>","<ol><li>Dado que finalicé una prueba, cuando pulso Guardar, entonces queda en mi historial con prenda, fecha y modo 2D.</li><li>Dado que pulso Compartir, cuando se genera el recurso, entonces no incluye medidas, identificadores, stock interno ni metadatos de ubicación.</li><li>Dado que niego acceso a archivos, cuando intento guardar, entonces la app ofrece compartir temporalmente o explica cómo habilitarlo.</li></ol>",2,5,Outfit\Sprint 5,Outfit,EP-06; Fase 1 - MVP; Historia,New,
User Story,US-0802 · Mi Closet básico,"<p>Como persona usuaria, quiero registrar prendas propias por foto, categoría y color, para combinar mi ropa con productos del catálogo.</p><p>Depende de: US-0105</p><p>Origen: Backlog_Ejecutable · ID interno: US-0802</p>","<ol><li>Dado que agrego una prenda, cuando completo datos mínimos, entonces aparece en Mi Closet con origen propio.</li><li>Dado que subo una foto, cuando se guarda, entonces se recorta y comprime sin conservar una copia pública.</li><li>Dado que elimino una prenda, cuando confirmo, entonces se retira del closet y de nuevos outfits sin borrar looks históricos.</li></ol>",2,5,Outfit\Sprint 5,Outfit,EP-08; Fase 1 - MVP; Historia,New,
User Story,EN-1503 · Accesibilidad y rendimiento del MVP,"<p>Como persona usuaria, quiero usar la app con TalkBack, tamaño de texto y controles táctiles adecuados, para completar los flujos sin barreras.</p><p>Depende de: US-0401,US-0603</p><p>Origen: Backlog_Ejecutable · ID interno: EN-1503</p>","<ol><li>Dado que navego con lector de pantalla, cuando recorro onboarding, medidas, catálogo y probador, entonces los controles tienen nombre, rol, orden y estado comprensibles.</li><li>Dado que aumento el tamaño de fuente, cuando abro pantallas críticas, entonces no se corta contenido ni se ocultan acciones.</li><li>Dado que uso un equipo de gama media, cuando abro una pantalla con caché, entonces el contenido principal aparece dentro del objetivo de rendimiento acordado.</li></ol>",1,5,Outfit\Sprint 5,Outfit,EP-15; Fase 1 - MVP; Enabler; accessibility; performance,New,
User Story,EN-1601 · Observabilidad y distribución beta,"<p>Como equipo de producto, quiero recibir crashes, métricas técnicas y versiones beta automáticas, para corregir fallos antes de publicar.</p><p>Depende de: EN-0004,EN-1503</p><p>Origen: Backlog_Ejecutable · ID interno: EN-1601</p>","<ol><li>Dado que el pipeline de la rama beta pasa, cuando se etiqueta una versión, entonces genera artefacto firmado de prueba y notas de cambios.</li><li>Dado que ocurre un crash, cuando la app reporta, entonces incluye versión y contexto técnico sin medidas, fotos ni texto sensible.</li><li>Dado que una versión supera umbrales y aceptación, cuando se promueve, entonces queda trazabilidad de aprobador, build y evidencia.</li></ol>",1,5,Outfit\Sprint 5,Outfit,EP-16; Fase 1 - MVP; Enabler; crashlytics; release,New,
User Story,US-0106 · Revocar consentimientos y eliminar cuenta,"<p>Como persona usuaria, quiero consultar autorizaciones, revocar las opcionales y solicitar eliminación, para ejercer control efectivo sobre mis datos.</p><p>Depende de: US-0105,EN-1501</p><p>Origen: Backlog_Ejecutable · ID interno: US-0106</p>","<ol><li>Dado que abro Privacidad, cuando consulto, entonces veo consentimientos, versión, fecha, finalidad y estado.</li><li>Dado que revoco una finalidad opcional, cuando confirmo, entonces deja de recolectarse y se aplica la política de datos derivados.</li><li>Dado que solicito eliminar cuenta, cuando verifico identidad, entonces se crea proceso trazable, se cierra sesión y se informa resultado y excepciones.</li></ol>",1,8,Outfit\Sprint 5,Outfit,EP-01; Fase 1 - MVP; Historia; privacy; data-rights,New,
User Story,EN-0006 · Contrato API OpenAPI y cliente generado,"<p>Como equipo de desarrollo, quiero definir la API antes de implementar y generar el cliente Android, para evitar diferencias silenciosas entre móvil y backend.</p><p>Depende de: EN-0002,EN-0004</p><p>Origen: Backlog_Ejecutable · ID interno: EN-0006</p>","<ol><li>Dado que se diseña un endpoint, cuando se valida el contrato, entonces define autenticación, request, response, errores, paginación y versionado.</li><li>Dado que el contrato cambia, cuando corre CI, entonces detecta cambios incompatibles y regenera el cliente.</li><li>Dado que se publica una versión, cuando la app consume el API, entonces usa tipos generados y no modelos duplicados manualmente.</li></ol>",1,5,Outfit\Sprint 6,Outfit,EP-00; Fase 2 - AR + backend; Enabler; openapi; contract-testing,New,
User Story,EN-1201 · Backend Spring Boot automatizado,"<p>Como equipo backend, quiero contar con un servicio base modular, observable y desplegable, para soportar catálogo y negocio sin acoplarlo al móvil.</p><p>Depende de: EN-0006</p><p>Origen: Backlog_Ejecutable · ID interno: EN-1201</p>","<ol><li>Dado que se abre un PR, cuando corre el pipeline backend, entonces compila, prueba, analiza dependencias y construye imagen versionada.</li><li>Dado que el servicio inicia, cuando se consulta salud, entonces reporta liveness y readiness sin exponer secretos.</li><li>Dado que una configuración falta, cuando arranca el servicio, entonces falla rápido con mensaje operativo y sin valores sensibles.</li></ol>",1,8,Outfit\Sprint 6,Outfit,EP-12; Fase 2 - AR + backend; Enabler; spring-boot; backend; ci,New,
User Story,EN-1202 · PostgreSQL con migraciones versionadas,"<p>Como equipo backend, quiero crear el esquema mediante migraciones reproducibles, para evolucionar datos sin cambios manuales.</p><p>Depende de: EN-1201</p><p>Origen: Backlog_Ejecutable · ID interno: EN-1202</p>","<ol><li>Dado que una instancia está vacía, cuando se despliega, entonces aplica migraciones en orden y crea el esquema esperado.</li><li>Dado que una migración ya fue aplicada, cuando se reinicia, entonces no la repite ni altera datos.</li><li>Dado que una migración falla, cuando se despliega, entonces el release se detiene y conserva evidencia para rollback.</li></ol>",1,5,Outfit\Sprint 6,Outfit,EP-12; Fase 2 - AR + backend; Enabler; postgresql; migrations,New,
User Story,EN-1203 · Autenticación Firebase hacia API,"<p>Como persona usuaria, quiero usar mi sesión móvil para acceder al backend, para no volver a autenticarme ni exponer credenciales.</p><p>Depende de: EN-1201,EN-1502</p><p>Origen: Backlog_Ejecutable · ID interno: EN-1203</p>","<ol><li>Dado que presento un token vigente, cuando invoco la API, entonces se valida firma, audiencia, expiración y usuario.</li><li>Dado que el token es inválido o expiró, cuando invoco, entonces se responde 401 estandarizado sin ejecutar negocio.</li><li>Dado que el usuario no tiene rol, cuando solicita una operación protegida, entonces se responde 403 y se audita.</li></ol>",1,5,Outfit\Sprint 6,Outfit,EP-15; Fase 2 - AR + backend; Enabler; auth; security,New,
User Story,US-1101 · Acceso administrativo y roles,"<p>Como administrador de tienda, quiero entrar al portal con permisos según mi función, para gestionar solo los recursos autorizados.</p><p>Depende de: EN-1203</p><p>Origen: Backlog_Ejecutable · ID interno: US-1101</p>","<ol><li>Dado que soy administrador válido, cuando inicio sesión, entonces veo el tenant, rol y módulos habilitados.</li><li>Dado que soy editor, cuando intento administrar usuarios o planes, entonces la acción no aparece y la API la rechaza.</li><li>Dado que cierro sesión, cuando finaliza, entonces se invalidan credenciales locales y datos del portal.</li></ol>",1,5,Outfit\Sprint 7,Outfit,EP-11; Fase 2 - AR + backend; Historia,New,
User Story,US-1102 · CRUD de prendas y variantes,"<p>Como gestor de catálogo, quiero crear, editar, duplicar y retirar productos y SKU, para mantener el catálogo sin intervención técnica.</p><p>Depende de: US-1101,EN-1202</p><p>Origen: Backlog_Ejecutable · ID interno: US-1102</p>","<ol><li>Dado que completo datos obligatorios, cuando guardo borrador, entonces se crea sin aparecer al público.</li><li>Dado que agrego variantes, cuando valido, entonces cada SKU es único y combina color, talla, precio y estado.</li><li>Dado que retiro una prenda, cuando confirmo, entonces deja de venderse sin borrar historiales ni analítica.</li></ol>",1,8,Outfit\Sprint 7,Outfit,EP-11; Fase 2 - AR + backend; Historia,New,
User Story,US-1103 · Carga y validación de activos 2D/3D,"<p>Como gestor de catálogo, quiero subir imágenes transparentes y modelos 3D con requisitos claros, para publicar experiencias que rendericen correctamente.</p><p>Depende de: US-1102</p><p>Origen: Backlog_Ejecutable · ID interno: US-1103</p>","<ol><li>Dado que subo un PNG/WebP, cuando se procesa, entonces valida dimensiones, transparencia, peso y genera derivados.</li><li>Dado que subo un glTF/GLB, cuando se analiza, entonces valida estructura, escala, materiales, tamaño y categoría compatible.</li><li>Dado que el activo falla, cuando intento asociarlo, entonces se bloquea publicación y entrega un reporte accionable.</li></ol>",1,8,Outfit\Sprint 7,Outfit,EP-11; Fase 2 - AR + backend; Historia; cloudinary; gltf; assets,New,
User Story,"US-1104 · Tallas, inventario y publicación","<p>Como gestor de catálogo, quiero administrar tablas, existencias y un checklist de publicación, para evitar productos visibles con datos incompletos.</p><p>Depende de: US-1102,EN-0501</p><p>Origen: Backlog_Ejecutable · ID interno: US-1104</p>","<ol><li>Dado que importo una tabla o inventario, cuando se valida, entonces presenta filas aceptadas, rechazadas y causa.</li><li>Dado que una prenda no cumple el checklist, cuando pulso Publicar, entonces se bloquea y lista faltantes.</li><li>Dado que todo es válido, cuando publico, entonces la nueva versión queda disponible con fecha y autor.</li></ol>",1,8,Outfit\Sprint 7,Outfit,EP-11; Fase 2 - AR + backend; Historia,New,
User Story,SP-0606 · Spike de pipeline 3D para prendas,"<p>Como equipo técnico, quiero probar un estándar de activos y rigging para tres categorías, para conocer costo, limitaciones y calidad antes de comprometer AR.</p><p>Depende de: US-1103</p><p>Origen: Backlog_Ejecutable · ID interno: SP-0606</p>","<ol><li>Dado que existen activos de muestra, cuando se ejecuta el spike, entonces renderiza camiseta, pantalón y chaqueta en al menos dos dispositivos.</li><li>Dado que se mide el pipeline, cuando termina, entonces documenta tiempo de preparación, peso, FPS, defectos y propiedad intelectual.</li><li>Dado que se revisan resultados, cuando el comité decide, entonces emite go, pivot o no-go con criterio explícito.</li></ol>",1,8,Outfit\Sprint 8,Outfit,EP-06; Fase 2 - AR + backend; Spike; spike; 3d; gltf,New,
User Story,EN-0607 · Compatibilidad y fallback ARCore,"<p>Como persona usuaria, quiero saber si mi dispositivo soporta la experiencia AR, para no quedar atrapada en un flujo incompatible.</p><p>Depende de: SP-0606</p><p>Origen: Backlog_Ejecutable · ID interno: EN-0607</p>","<ol><li>Dado que abro Probar AR, cuando se verifica el dispositivo, entonces evalúa ARCore, cámara y capacidad requerida antes de descargar activos.</li><li>Dado que no hay soporte, cuando se informa, entonces ofrece probador 2D sin culpar al usuario.</li><li>Dado que Depth no está disponible, cuando inicio AR, entonces la sesión continúa sin oclusión avanzada y lo registra técnicamente.</li></ol>",1,5,Outfit\Sprint 8,Outfit,EP-06; Fase 2 - AR + backend; Enabler; arcore; compatibility,New,
User Story,US-0301 · Avatar 3D paramétrico inicial,"<p>Como persona usuaria, quiero crear una representación 3D a partir de mis medidas manuales, para probar activos sin mostrar siempre mi fotografía.</p><p>Depende de: US-0202,SP-0606</p><p>Origen: Backlog_Ejecutable · ID interno: US-0301</p>","<ol><li>Dado que mis medidas mínimas están completas, cuando creo el avatar, entonces genera proporciones dentro de límites definidos.</li><li>Dado que edito una medida, cuando actualizo, entonces el avatar cambia sin perder looks ni perfil.</li><li>Dado que falta un dato, cuando solicito crear, entonces indica el faltante y no inventa precisión.</li></ol>",1,13,Outfit\Sprint 8,Outfit,EP-03; Fase 2 - AR + backend; Historia,New,
User Story,US-0302 · Vista y edición del avatar,"<p>Como persona usuaria, quiero rotar, acercar y ajustar opciones no biométricas del avatar, para reconocerlo y controlar su presentación.</p><p>Depende de: US-0301</p><p>Origen: Backlog_Ejecutable · ID interno: US-0302</p>","<ol><li>Dado que abro Mi Avatar, cuando uso gestos, entonces puedo rotar, acercar y restablecer la vista.</li><li>Dado que cambio tono o presentación permitida, cuando guardo, entonces se actualiza sin modificar mis medidas.</li><li>Dado que solicito regenerar, cuando confirmo, entonces se conserva la versión anterior hasta que la nueva termine.</li></ol>",2,5,Outfit\Sprint 8,Outfit,EP-03; Fase 2 - AR + backend; Historia,New,
User Story,EN-0608 · Pose en tiempo real para AR,"<p>Como equipo de desarrollo, quiero obtener landmarks estables durante video, para anclar prendas con menos vibración.</p><p>Depende de: EN-0607</p><p>Origen: Backlog_Ejecutable · ID interno: EN-0608</p>","<ol><li>Dado que la persona está completa en cuadro, cuando corre la sesión, entonces entrega landmarks con timestamp y confianza.</li><li>Dado que un punto se pierde temporalmente, cuando continúa, entonces suaviza dentro del umbral y después solicita reposicionarse.</li><li>Dado que la tasa cae bajo el mínimo, cuando se monitorea, entonces reduce carga o degrada a modo compatible.</li></ol>",1,8,Outfit\Sprint 9,Outfit,EP-06; Fase 2 - AR + backend; Enabler; pose; realtime; performance,New,
User Story,US-0609 · Anclaje de prenda 3D al cuerpo,"<p>Como persona usuaria, quiero ver una prenda 3D siguiendo torso o piernas, para evaluar el look en movimiento.</p><p>Depende de: EN-0608,SP-0606</p><p>Origen: Backlog_Ejecutable · ID interno: US-0609</p>","<ol><li>Dado que selecciono un activo compatible, cuando inicio AR, entonces la prenda se ancla a la región corporal definida.</li><li>Dado que cambio de pose dentro de límites, cuando me muevo, entonces el activo sigue sin saltos severos ni rotaciones invertidas.</li><li>Dado que se pierde el cuerpo, cuando continúa la cámara, entonces pausa el activo y ofrece instrucciones para recuperarlo.</li></ol>",1,13,Outfit\Sprint 9,Outfit,EP-06; Fase 2 - AR + backend; Historia,New,
User Story,US-0610 · Controles de sesión AR,"<p>Como persona usuaria, quiero cambiar variante, pausar, capturar y salir con claridad, para controlar la prueba sin gestos ocultos.</p><p>Depende de: US-0609</p><p>Origen: Backlog_Ejecutable · ID interno: US-0610</p>","<ol><li>Dado que la sesión está activa, cuando cambio color o talla, entonces actualiza el activo y conserva posición.</li><li>Dado que capturo, cuando se genera la imagen, entonces incluye etiqueta de simulación y respeta consentimiento.</li><li>Dado que salgo, cuando finaliza, entonces libera cámara y recursos y pregunta si deseo guardar.</li></ol>",2,5,Outfit\Sprint 9,Outfit,EP-06; Fase 2 - AR + backend; Historia,New,
User Story,EN-0611 · Pruebas instrumentadas de cámara y AR,"<p>Como equipo de calidad, quiero ejecutar pruebas en matriz de dispositivos, para detectar incompatibilidades antes del piloto.</p><p>Depende de: US-0609</p><p>Origen: Backlog_Ejecutable · ID interno: EN-0611</p>","<ol><li>Dado que se genera una candidata, cuando corre la suite, entonces prueba permisos, rotación, background, cámara y fallback.</li><li>Dado que un dispositivo falla, cuando se registra, entonces queda evidencia con modelo, SO, paso y artefacto.</li><li>Dado que falla un dispositivo obligatorio, cuando finaliza el gate, entonces no permite promover la versión.</li></ol>",1,8,Outfit\Sprint 9,Outfit,EP-15; Fase 2 - AR + backend; Enabler; device-farm; instrumented-tests,New,
User Story,"EN-0612 · Escala, orientación y suavizado","<p>Como equipo de desarrollo, quiero calibrar transformaciones por categoría de prenda, para mejorar estabilidad sin falsear talla.</p><p>Depende de: US-0609</p><p>Origen: Backlog_Ejecutable · ID interno: EN-0612</p>","<ol><li>Dado que existe un perfil de activo, cuando se renderiza, entonces aplica escala y offsets versionados por categoría.</li><li>Dado que el usuario se mueve normalmente, cuando se actualiza, entonces mantiene el jitter dentro del umbral del benchmark.</li><li>Dado que el activo no tiene perfil, cuando se intenta usar, entonces se bloquea publicación AR y permite solo 2D.</li></ol>",1,8,Outfit\Sprint 10,Outfit,EP-06; Fase 2 - AR + backend; Enabler,New,
User Story,EN-0613 · Oclusión con Depth y degradación,"<p>Como equipo de desarrollo, quiero usar profundidad cuando esté disponible, para hacer la superposición más creíble sin excluir equipos.</p><p>Depende de: EN-0612,EN-0607</p><p>Origen: Backlog_Ejecutable · ID interno: EN-0613</p>","<ol><li>Dado que Depth está soportado, cuando se habilita, entonces objetos y partes del cuerpo pueden ocluir el activo según mapa de profundidad.</li><li>Dado que Depth está deshabilitado o no soportado, cuando inicio AR, entonces usa modo alterno documentado.</li><li>Dado que Depth reduce FPS bajo el umbral, cuando se detecta, entonces se desactiva y notifica solo en diagnóstico.</li></ol>",2,8,Outfit\Sprint 10,Outfit,EP-06; Fase 2 - AR + backend; Enabler,New,
User Story,"US-0614 · Comparar 2D, AR y producto","<p>Como persona usuaria, quiero alternar entre modos y detalle sin perder mi selección, para evaluar la prenda con el método que funcione mejor.</p><p>Depende de: US-0603,US-0610</p><p>Origen: Backlog_Ejecutable · ID interno: US-0614</p>","<ol><li>Dado que estoy en una prueba, cuando cambio 2D/AR, entonces conserva producto, color y talla.</li><li>Dado que el modo elegido no es compatible, cuando intento entrar, entonces explica el motivo y mantiene el modo actual.</li><li>Dado que abro el detalle, cuando regreso, entonces la sesión se restaura si todavía es segura.</li></ol>",2,5,Outfit\Sprint 10,Outfit,EP-06; Fase 2 - AR + backend; Historia,New,
User Story,EN-1504 · Presupuestos de rendimiento AR,"<p>Como equipo de calidad, quiero medir FPS, memoria, temperatura y tiempo de carga, para evitar una experiencia que se vea bien solo en el teléfono del desarrollador.</p><p>Depende de: EN-0611</p><p>Origen: Backlog_Ejecutable · ID interno: EN-1504</p>","<ol><li>Dado que corre el benchmark, cuando se completa, entonces reporta métricas por dispositivo y categoría.</li><li>Dado que supera memoria o temperatura, cuando se evalúa, entonces la función queda bloqueada o degradada.</li><li>Dado que una regresión excede tolerancia, cuando corre CI de rendimiento, entonces el release no se promueve sin excepción aprobada.</li></ol>",1,5,Outfit\Sprint 10,Outfit,EP-15; Fase 2 - AR + backend; Enabler; performance; benchmark,New,
User Story,US-0303 · Calibración del avatar,"<p>Como persona usuaria, quiero calibrar altura y una medida de referencia antes de estimar otras, para mejorar la consistencia del avatar.</p><p>Depende de: US-0301,EN-0608</p><p>Origen: Backlog_Ejecutable · ID interno: US-0303</p>","<ol><li>Dado que inicio calibración, cuando sigo las instrucciones, entonces la app valida distancia, cuerpo completo y referencia.</li><li>Dado que la calibración no es confiable, cuando termina el análisis, entonces no reemplaza medidas y solicita repetir.</li><li>Dado que acepto el resultado, cuando guardo, entonces registra método, confianza, versión y fecha.</li></ol>",1,8,Outfit\Sprint 11,Outfit,EP-03; Fase 2 - AR + backend; Historia,New,
User Story,SP-0304 · Estimación automática de medidas beta,"<p>Como equipo de investigación, quiero comparar medidas estimadas por cámara contra medidas de referencia, para saber si la función puede avanzar sin dañar la confianza.</p><p>Depende de: US-0303,EN-1501</p><p>Origen: Backlog_Ejecutable · ID interno: SP-0304</p>","<ol><li>Dado que existe un protocolo y muestra diversa aprobada, cuando se ejecuta el estudio, entonces calcula error por medida, cuerpo, dispositivo y condición.</li><li>Dado que una medida no cumple el umbral, cuando se analiza, entonces no se publica como automática y se documenta el sesgo.</li><li>Dado que cumple, cuando se propone beta, entonces muestra confianza, permite corrección y exige consentimiento específico.</li></ol>",1,13,Outfit\Sprint 11,Outfit,EP-03; Fase 2 - AR + backend; Spike; spike; measurement; bias,New,
User Story,US-0305 · Revisar y corregir medidas estimadas,"<p>Como persona usuaria, quiero comparar estimaciones con mis valores y corregirlas, para mantener control sobre mi perfil corporal.</p><p>Depende de: SP-0304</p><p>Origen: Backlog_Ejecutable · ID interno: US-0305</p>","<ol><li>Dado que hay estimaciones, cuando abro la revisión, entonces cada valor muestra confianza y diferencia frente al manual.</li><li>Dado que modifico un valor, cuando confirmo, entonces el manual prevalece y queda trazabilidad del origen.</li><li>Dado que rechazo todas, cuando finalizo, entonces se descartan estimaciones y no afectan recomendaciones.</li></ol>",1,5,Outfit\Sprint 11,Outfit,EP-03; Fase 2 - AR + backend; Historia,New,
User Story,EN-1505 · Retención y borrado de imágenes de captura,"<p>Como responsable de privacidad, quiero aplicar reglas automáticas de conservación, para no almacenar material corporal más tiempo del necesario.</p><p>Depende de: EN-1501,US-0605</p><p>Origen: Backlog_Ejecutable · ID interno: EN-1505</p>","<ol><li>Dado que una imagen es temporal, cuando vence su propósito, entonces se elimina del almacenamiento y derivados según política.</li><li>Dado que un usuario solicita borrar, cuando se procesa, entonces elimina originales, derivados y referencias salvo excepción legal documentada.</li><li>Dado que corre auditoría, cuando se revisan objetos, entonces detecta huérfanos o vencidos y genera alerta.</li></ol>",1,8,Outfit\Sprint 11,Outfit,EP-15; Fase 2 - AR + backend; Enabler; privacy; retention,New,
User Story,US-0901 · Carrito desde el look,"<p>Como persona usuaria, quiero agregar una o varias prendas de un look al carrito, para pasar de inspiración a intención de compra.</p><p>Depende de: US-0404,US-0605</p><p>Origen: Backlog_Ejecutable · ID interno: US-0901</p>","<ol><li>Dado que una variante tiene stock, cuando agrego, entonces el carrito conserva SKU, tienda, cantidad y precio vigente.</li><li>Dado que agrego un outfit, cuando selecciono prendas, entonces solo se incluyen las elegidas y se informa cualquier agotada.</li><li>Dado que cambia precio o stock, cuando abro el carrito, entonces se actualiza y solicita confirmación.</li></ol>",1,5,Outfit\Sprint 12,Outfit,EP-09; Fase 2 - AR + backend; Historia,New,
User Story,US-0902 · Reserva de prenda en tienda,"<p>Como persona usuaria, quiero reservar una variante por tiempo limitado, para probarla físicamente antes de pagar.</p><p>Depende de: US-0901</p><p>Origen: Backlog_Ejecutable · ID interno: US-0902</p>","<ol><li>Dado que la tienda admite reservas, cuando confirmo, entonces se crea con código, vencimiento y condiciones.</li><li>Dado que el stock cambió, cuando intento reservar, entonces no crea sobreventa y propone alternativas.</li><li>Dado que vence o cancelo, cuando se procesa, entonces libera la reserva de forma idempotente.</li></ol>",2,8,Outfit\Sprint 12,Outfit,EP-09; Fase 2 - AR + backend; Historia,New,
User Story,"US-0903 · Tienda, ruta y disponibilidad","<p>Como persona usuaria, quiero elegir una tienda por distancia, horario y stock, para completar la compra en el lugar adecuado.</p><p>Depende de: US-0404</p><p>Origen: Backlog_Ejecutable · ID interno: US-0903</p>","<ol><li>Dado que autoricé ubicación, cuando consulto tiendas, entonces ordena por distancia y muestra horario y disponibilidad.</li><li>Dado que no autorizo ubicación, cuando consulto, entonces puedo buscar por ciudad o dirección.</li><li>Dado que una tienda está cerrada, cuando la selecciono, entonces muestra siguiente apertura antes de reservar.</li></ol>",2,5,Outfit\Sprint 12,Outfit,EP-09; Fase 2 - AR + backend; Historia,New,
User Story,US-0904 · Deep link y handoff de checkout,"<p>Como persona usuaria, quiero continuar en web o app del comercio con mi selección, para cerrar la compra en el canal disponible.</p><p>Depende de: US-0901</p><p>Origen: Backlog_Ejecutable · ID interno: US-0904</p>","<ol><li>Dado que pulso Comprar, cuando existe integración, entonces abre el destino con SKU y campaña permitidos sin enviar medidas.</li><li>Dado que la app del comercio no está instalada, cuando continúo, entonces abre web segura o muestra alternativa.</li><li>Dado que regreso, cuando VístIA recibe estado, entonces actualiza la intención sin asumir compra no confirmada.</li></ol>",1,8,Outfit\Sprint 12,Outfit,EP-09; Fase 2 - AR + backend; Historia,New,
User Story,EN-0007 · Feature flags y despliegue progresivo,"<p>Como equipo de producto, quiero activar funciones por cohorte, tienda y dispositivo, para reducir el riesgo del piloto.</p><p>Depende de: EN-1601</p><p>Origen: Backlog_Ejecutable · ID interno: EN-0007</p>","<ol><li>Dado que una función está apagada, cuando la app consulta configuración, entonces no la muestra ni ejecuta.</li><li>Dado que se activa para una cohorte, cuando el usuario cumple reglas, entonces la recibe sin nueva publicación cuando sea seguro.</li><li>Dado que aparece un incidente, cuando se ejecuta kill switch, entonces se desactiva y queda auditoría.</li></ol>",1,5,Outfit\Sprint 13,Outfit,EP-00; Fase 2 - AR + backend; Enabler; feature-flags; release,New,
User Story,"EN-1506 · SLO, alertas y tableros operativos","<p>Como equipo de operación, quiero vigilar disponibilidad, latencia, errores, crash-free y costo, para detectar degradación antes que la tienda.</p><p>Depende de: EN-1201,EN-1601</p><p>Origen: Backlog_Ejecutable · ID interno: EN-1506</p>","<ol><li>Dado que una métrica supera umbral, cuando se evalúa la ventana, entonces genera alerta con servicio, severidad y runbook.</li><li>Dado que se abre el tablero, cuando se filtra por versión o tenant, entonces muestra tendencia y correlación de errores.</li><li>Dado que un evento contiene dato sensible, cuando se procesa logging, entonces se redacta o rechaza.</li></ol>",1,8,Outfit\Sprint 13,Outfit,EP-15; Fase 2 - AR + backend; Enabler; observability; slo,New,
User Story,US-1001 · Feedback contextual del piloto,"<p>Como persona usuaria piloto, quiero calificar talla, visualización y utilidad en pocos toques, para mejorar el producto con evidencia.</p><p>Depende de: US-0503,US-0605</p><p>Origen: Backlog_Ejecutable · ID interno: US-1001</p>","<ol><li>Dado que termino una recomendación o prueba, cuando aparece la solicitud, entonces puedo calificar o cerrarla sin bloquear.</li><li>Dado que reporto un problema, cuando envío, entonces se asocia a versión, producto y modo sin adjuntar foto por defecto.</li><li>Dado que ya respondí, cuando repito el flujo, entonces no me pregunta con frecuencia excesiva.</li></ol>",2,5,Outfit\Sprint 13,Outfit,EP-10; Fase 2 - AR + backend; Historia,New,
User Story,EN-1602 · Operación del piloto en tienda,"<p>Como equipo de soporte, quiero contar con checklist, canales, rollback y guías de incidente, para resolver problemas sin improvisar.</p><p>Depende de: EN-0007,EN-1506</p><p>Origen: Backlog_Ejecutable · ID interno: EN-1602</p>","<ol><li>Dado que inicia el piloto, cuando se revisa readiness, entonces todos los responsables, accesos, datos y métricas están en verde.</li><li>Dado que ocurre severidad alta, cuando se activa runbook, entonces define contención, comunicación, rollback y evidencia.</li><li>Dado que finaliza la ventana, cuando se hace retrospectiva, entonces registra resultados, defectos, decisiones y siguiente gate.</li></ol>",1,5,Outfit\Sprint 13,Outfit,EP-16; Fase 2 - AR + backend; Enabler,New,
User Story,US-1002 · Preferencias de notificaciones,"<p>Como persona usuaria, quiero elegir qué alertas deseo y por qué canal, para recibir información útil sin saturación.</p><p>Depende de: US-0105</p><p>Origen: Backlog_Ejecutable · ID interno: US-1002</p>","<ol><li>Dado que no he autorizado notificaciones, cuando una función quiere enviarlas, entonces solicita permiso en contexto y permite rechazar.</li><li>Dado que abro preferencias, cuando cambio categorías, entonces se guardan por alertas de stock, precio, pedidos y estilo.</li><li>Dado que desactivo todas, cuando confirmo, entonces no se envían comunicaciones promocionales.</li></ol>",1,5,Outfit\Sprint 13,Outfit,EP-10; Fase 2 - AR + backend; Historia,New,
User Story,US-0701 · IA Stylist conversacional,"<p>Como persona usuaria, quiero pedir orientación de estilo en lenguaje natural, para recibir ayuda sin conocer filtros técnicos.</p><p>Depende de: US-0204,US-0404</p><p>Origen: Backlog_Ejecutable · ID interno: US-0701</p>","<ol><li>Dado que pregunto por un look, cuando envío la consulta, entonces el asistente responde en español claro y conserva contexto de la sesión.</li><li>Dado que mi pregunta requiere datos no disponibles, cuando responde, entonces declara la limitación y pregunta solo lo necesario.</li><li>Dado que solicito consejo sensible o discriminatorio, cuando se procesa, entonces evita juicios sobre el cuerpo y ofrece una respuesta respetuosa.</li></ol>",1,8,Outfit\Sprint 14,Outfit,EP-07; Fase 3 - SaaS + IA; Historia,New,
User Story,"US-0702 · Contexto de ocasión, clima y presupuesto","<p>Como persona usuaria, quiero indicar ocasión, formalidad, clima y presupuesto, para obtener outfits utilizables hoy.</p><p>Depende de: US-0701</p><p>Origen: Backlog_Ejecutable · ID interno: US-0702</p>","<ol><li>Dado que inicio una recomendación, cuando selecciono contexto, entonces la IA usa los valores confirmados y muestra cuáles aplicó.</li><li>Dado que no hay dato de clima, cuando continúo, entonces me pregunta o usa una opción neutral sin inventarlo.</li><li>Dado que fijo presupuesto, cuando genera outfits, entonces la suma de prendas no lo supera salvo alternativa explícita.</li></ol>",1,5,Outfit\Sprint 14,Outfit,EP-07; Fase 3 - SaaS + IA; Historia,New,
User Story,US-0703 · Outfits combinados con stock real,"<p>Como persona usuaria, quiero recibir conjuntos completos disponibles en una tienda o canal, para evitar recomendaciones imposibles de comprar.</p><p>Depende de: US-0702,US-0404</p><p>Origen: Backlog_Ejecutable · ID interno: US-0703</p>","<ol><li>Dado que existe contexto y stock, cuando genero, entonces cada outfit contiene prendas compatibles y variantes disponibles.</li><li>Dado que una prenda se agota, cuando abro el outfit, entonces se marca y se propone reemplazo similar.</li><li>Dado que no existe un conjunto completo, cuando responde, entonces muestra el mejor parcial y explica qué falta.</li></ol>",1,8,Outfit\Sprint 14,Outfit,EP-07; Fase 3 - SaaS + IA; Historia,New,
User Story,"US-0704 · Guardar, nombrar y reutilizar outfits","<p>Como persona usuaria, quiero guardar un outfit y usarlo como referencia futura, para construir un historial de estilo propio.</p><p>Depende de: US-0703,US-0801</p><p>Origen: Backlog_Ejecutable · ID interno: US-0704</p>","<ol><li>Dado que veo un outfit, cuando lo guardo, entonces puedo nombrarlo y asociar ocasión.</li><li>Dado que una prenda cambia, cuando reabro, entonces veo su estado y alternativas sin modificar el original automáticamente.</li><li>Dado que duplico un outfit, cuando edito la copia, entonces el original permanece intacto.</li></ol>",2,5,Outfit\Sprint 14,Outfit,EP-08; Fase 3 - SaaS + IA; Historia,New,
User Story,US-1003 · Alerta de stock o precio,"<p>Como persona usuaria, quiero pedir aviso cuando vuelva una variante o cambie su precio, para actuar en el momento oportuno.</p><p>Depende de: US-0404,US-1002</p><p>Origen: Backlog_Ejecutable · ID interno: US-1003</p>","<ol><li>Dado que una variante no tiene stock o supera mi precio, cuando creo alerta, entonces guarda SKU, tienda, condición y vigencia.</li><li>Dado que la condición se cumple, cuando se procesa, entonces envía una sola alerta con deep link y stock revalidado.</li><li>Dado que la alerta vence o elimino, cuando se procesa, entonces deja de evaluarse.</li></ol>",2,5,Outfit\Sprint 14,Outfit,EP-10; Fase 3 - SaaS + IA; Historia,New,
User Story,EN-0705 · Servicio de recomendación desacoplado,"<p>Como equipo de IA, quiero encapsular proveedores, prompts, reglas y evaluación, para cambiar modelos sin impactar la app.</p><p>Depende de: US-0703</p><p>Origen: Backlog_Ejecutable · ID interno: EN-0705</p>","<ol><li>Dado que la app solicita recomendación, cuando invoca el gateway, entonces usa un contrato estable y no conoce al proveedor.</li><li>Dado que el proveedor falla o excede tiempo, cuando se activa fallback, entonces responde con reglas locales o mensaje controlado.</li><li>Dado que cambia modelo o prompt, cuando se despliega, entonces queda versión y resultado de evaluación asociados.</li></ol>",1,8,Outfit\Sprint 15,Outfit,EP-07; Fase 3 - SaaS + IA; Enabler; ai-gateway; llm; evaluation,New,
User Story,US-0706 · Feedback explícito sobre recomendaciones,"<p>Como persona usuaria, quiero indicar me gusta, no me gusta y motivo opcional, para hacer más útiles futuras sugerencias.</p><p>Depende de: US-0703,US-0105</p><p>Origen: Backlog_Ejecutable · ID interno: US-0706</p>","<ol><li>Dado que recibo una prenda u outfit, cuando califico, entonces el estado cambia una sola vez y puedo corregirlo.</li><li>Dado que doy motivo, cuando envío, entonces se guarda en categorías y texto opcional moderado.</li><li>Dado que no deseo personalización, cuando desactivo aprendizaje, entonces mi feedback deja de usarse para perfilado futuro.</li></ol>",2,3,Outfit\Sprint 15,Outfit,EP-07; Fase 3 - SaaS + IA; Historia,New,
User Story,EN-0707 · Ranking híbrido talla-estilo-stock-negocio,"<p>Como equipo de IA, quiero ordenar candidatos con reglas y señales explicables, para equilibrar relevancia y disponibilidad sin ocultar criterios comerciales.</p><p>Depende de: EN-0705,US-0706</p><p>Origen: Backlog_Ejecutable · ID interno: EN-0707</p>","<ol><li>Dado que existe un conjunto candidato, cuando se rankea, entonces excluye incompatibles y puntúa ajuste, estilo, stock, precio y contexto.</li><li>Dado que una regla comercial altera el orden, cuando se muestra, entonces no supera restricciones del usuario y queda identificada como patrocinada si aplica.</li><li>Dado que se reproduce una recomendación, cuando se usa la misma versión y entrada, entonces entrega resultado auditable dentro de tolerancias.</li></ol>",1,13,Outfit\Sprint 15,Outfit,EP-07; Fase 3 - SaaS + IA; Enabler; ranking; recommender; explainability,New,
User Story,EN-1301 · Experimentos A/B con guardrails,"<p>Como Product Owner, quiero comparar variantes de ranking o experiencia, para mejorar con evidencia sin dañar métricas críticas.</p><p>Depende de: EN-0007,EN-0707</p><p>Origen: Backlog_Ejecutable · ID interno: EN-1301</p>","<ol><li>Dado que creo un experimento, cuando lo configuro, entonces define hipótesis, población, métrica primaria, guardrails y duración.</li><li>Dado que se asigna un usuario, cuando participa, entonces mantiene variante estable y respeta consentimiento.</li><li>Dado que un guardrail empeora, cuando se monitorea, entonces detiene automáticamente o alerta según regla.</li></ol>",2,8,Outfit\Sprint 15,Outfit,EP-13; Fase 3 - SaaS + IA; Enabler; experimentation; analytics,New,
User Story,US-1004 · Resumen de estilo con control de frecuencia,"<p>Como persona usuaria, quiero recibir un resumen opcional de outfits y novedades relevantes, para volver por valor y no por ruido.</p><p>Depende de: US-0703,US-1002</p><p>Origen: Backlog_Ejecutable · ID interno: US-1004</p>","<ol><li>Dado que acepté resúmenes, cuando llega la frecuencia elegida, entonces incluye recomendaciones disponibles y opción de pausar.</li><li>Dado que no hay contenido relevante, cuando corre el envío, entonces no envía una notificación vacía.</li><li>Dado que ignoro varios resúmenes, cuando se evalúa fatiga, entonces reduce frecuencia o solicita preferencia.</li></ol>",3,5,Outfit\Sprint 15,Outfit,EP-10; Fase 3 - SaaS + IA; Historia,New,
User Story,US-0905 · Pago integrado,"<p>Como persona compradora, quiero pagar el carrito con un proveedor seguro, para completar la compra sin abandonar el flujo.</p><p>Depende de: US-0901,EN-1201</p><p>Origen: Backlog_Ejecutable · ID interno: US-0905</p>","<ol><li>Dado que el carrito está vigente, cuando inicio pago, entonces se crea una intención idempotente con monto y moneda correctos.</li><li>Dado que el pago es aprobado, cuando regresa el proveedor, entonces se crea una orden única y muestra confirmación.</li><li>Dado que falla o cancelo, cuando regreso, entonces no duplica cobro ni orden y permite reintentar.</li></ol>",2,13,Outfit\Sprint 16,Outfit,EP-09; Fase 3 - SaaS + IA; Historia; payments; mercadopago,New,
User Story,US-0906 · Historial y estado de órdenes,"<p>Como persona compradora, quiero consultar mis compras y su avance, para saber qué ocurrirá con cada pedido.</p><p>Depende de: US-0905</p><p>Origen: Backlog_Ejecutable · ID interno: US-0906</p>","<ol><li>Dado que tengo órdenes, cuando abro Mis compras, entonces veo número, fecha, total, tienda y estado actualizado.</li><li>Dado que cambia el estado, cuando recibo actualización, entonces la línea de tiempo conserva eventos previos.</li><li>Dado que una orden pertenece a otro usuario, cuando se consulta, entonces la API la rechaza.</li></ol>",2,5,Outfit\Sprint 16,Outfit,EP-09; Fase 3 - SaaS + IA; Historia,New,
User Story,US-0907 · Cancelación y solicitud de devolución,"<p>Como persona compradora, quiero cancelar o iniciar devolución según condiciones, para resolver una compra sin depender de llamadas.</p><p>Depende de: US-0906</p><p>Origen: Backlog_Ejecutable · ID interno: US-0907</p>","<ol><li>Dado que la orden es cancelable, cuando confirmo, entonces se solicita una vez y se informa impacto en pago y reserva.</li><li>Dado que está fuera de regla, cuando intento, entonces explica por qué y muestra canal de soporte.</li><li>Dado que inicio devolución, cuando selecciono artículo y motivo, entonces crea caso trazable sin prometer aprobación.</li></ol>",3,8,Outfit\Sprint 16,Outfit,EP-09; Fase 3 - SaaS + IA; Historia,New,
User Story,EN-0908 · Conciliación de pagos y webhooks,"<p>Como equipo de operación, quiero procesar eventos de pago de forma idempotente y conciliable, para evitar cobros u órdenes duplicadas.</p><p>Depende de: US-0905</p><p>Origen: Backlog_Ejecutable · ID interno: EN-0908</p>","<ol><li>Dado que llega un webhook repetido, cuando se procesa, entonces produce un solo cambio de estado.</li><li>Dado que la firma es inválida, cuando se recibe, entonces se rechaza y genera alerta.</li><li>Dado que pago y orden no coinciden, cuando corre conciliación, entonces abre incidencia y no marca completado.</li></ol>",1,8,Outfit\Sprint 16,Outfit,EP-15; Fase 3 - SaaS + IA; Enabler,New,
User Story,US-1204 · Crear y configurar tenant,"<p>Como administrador de plataforma, quiero dar de alta una empresa, tiendas y parámetros iniciales, para operar varios clientes en la misma plataforma.</p><p>Depende de: EN-1202</p><p>Origen: Backlog_Ejecutable · ID interno: US-1204</p>","<ol><li>Dado que completo datos únicos, cuando creo tenant, entonces genera identificador, configuración y estado de onboarding.</li><li>Dado que falta información contractual, cuando intento activar, entonces permanece en borrador.</li><li>Dado que suspendo tenant, cuando confirmo, entonces bloquea accesos comerciales sin borrar datos.</li></ol>",1,8,Outfit\Sprint 17,Outfit,EP-12; Fase 3 - SaaS + IA; Historia,New,
User Story,US-1205 · Roles por tenant,"<p>Como administrador de tienda, quiero invitar usuarios y asignar roles de propietario, administrador, editor o analista, para delegar sin compartir credenciales.</p><p>Depende de: US-1204,US-1101</p><p>Origen: Backlog_Ejecutable · ID interno: US-1205</p>","<ol><li>Dado que invito un correo, cuando acepta, entonces queda vinculado al tenant y rol indicados.</li><li>Dado que un usuario tiene varios tenants, cuando entra, entonces selecciona contexto y permisos no se mezclan.</li><li>Dado que retiro acceso, cuando confirmo, entonces se revocan sesiones y queda auditoría.</li></ol>",1,8,Outfit\Sprint 17,Outfit,EP-12; Fase 3 - SaaS + IA; Historia,New,
User Story,EN-1206 · Aislamiento de datos multi-tenant,"<p>Como responsable de seguridad, quiero garantizar aislamiento en API, base, caché, archivos y analítica, para evitar exposición cruzada.</p><p>Depende de: US-1204,US-1205</p><p>Origen: Backlog_Ejecutable · ID interno: EN-1206</p>","<ol><li>Dado que un usuario del tenant A modifica un identificador, cuando consulta tenant B, entonces todas las capas rechazan sin revelar existencia.</li><li>Dado que corren pruebas de aislamiento, cuando finalizan, entonces cubren lectura, escritura, búsqueda, archivos, exportación y jobs.</li><li>Dado que falta tenant en contexto, cuando se procesa una operación, entonces falla cerrado.</li></ol>",1,13,Outfit\Sprint 17,Outfit,EP-12; Fase 3 - SaaS + IA; Enabler; multitenancy; security,New,
User Story,US-1207 · Marca y configuración por tienda,"<p>Como administrador de tienda, quiero configurar logo, colores, moneda, políticas y canales, para ofrecer experiencia coherente con la marca.</p><p>Depende de: EN-1206</p><p>Origen: Backlog_Ejecutable · ID interno: US-1207</p>","<ol><li>Dado que subo logo y paleta válida, cuando previsualizo, entonces veo contraste y aplicación antes de publicar.</li><li>Dado que un color no cumple accesibilidad, cuando guardo, entonces se rechaza o propone alternativa.</li><li>Dado que publico configuración, cuando la app la recibe, entonces aplica por tenant sin reinicio y con fallback seguro.</li></ol>",2,8,Outfit\Sprint 17,Outfit,EP-12; Fase 3 - SaaS + IA; Historia,New,
User Story,"US-1603 · Planes, prueba y límites","<p>Como administrador comercial, quiero definir planes con tiendas, usuarios, catálogo, IA y analítica, para vender un producto sostenible.</p><p>Depende de: US-1204</p><p>Origen: Backlog_Ejecutable · ID interno: US-1603</p>","<ol><li>Dado que creo un plan, cuando publico, entonces define precio, moneda, ciclo, límites y funciones.</li><li>Dado que un tenant inicia prueba, cuando se activa, entonces registra inicio, fin y funciones sin cobro.</li><li>Dado que alcanza un límite, cuando intenta exceder, entonces se bloquea con mensaje y opción de cambio de plan.</li></ol>",1,8,Outfit\Sprint 18,Outfit,EP-16; Fase 3 - SaaS + IA; Historia,New,
User Story,US-1604 · Facturación de suscripción,"<p>Como propietario de tienda, quiero registrar medio de pago y consultar facturas, para mantener activo el servicio.</p><p>Depende de: US-1603,EN-0908</p><p>Origen: Backlog_Ejecutable · ID interno: US-1604</p>","<ol><li>Dado que selecciono plan, cuando confirmo pago, entonces se crea suscripción sin almacenar datos completos de tarjeta.</li><li>Dado que el cobro falla, cuando se procesa, entonces aplica período de gracia y notifica sin suspender de inmediato.</li><li>Dado que cancelo, cuando confirmo, entonces informa fecha efectiva, exportación y retención.</li></ol>",2,8,Outfit\Sprint 18,Outfit,EP-16; Fase 3 - SaaS + IA; Historia,New,
User Story,US-1605 · Onboarding autoservicio de comercios,"<p>Como propietario de tienda, quiero completar configuración mediante checklist, para publicar un primer catálogo sin consultoría extensa.</p><p>Depende de: US-1207,US-1603</p><p>Origen: Backlog_Ejecutable · ID interno: US-1605</p>","<ol><li>Dado que entro por primera vez, cuando abro onboarding, entonces veo pasos, progreso y responsable.</li><li>Dado que termino datos, usuarios, tienda y catálogo mínimo, cuando solicito activación, entonces ejecuta validación y muestra pendientes.</li><li>Dado que abandono, cuando regreso, entonces continúa en el último paso válido.</li></ol>",2,5,Outfit\Sprint 18,Outfit,EP-16; Fase 3 - SaaS + IA; Historia,New,
User Story,EN-1606 · Medición y control de costos variables,"<p>Como equipo financiero, quiero atribuir almacenamiento, IA, imágenes y tráfico por tenant, para proteger margen y detectar abuso.</p><p>Depende de: US-1603,EN-1506</p><p>Origen: Backlog_Ejecutable · ID interno: EN-1606</p>","<ol><li>Dado que se consume un recurso medido, cuando se procesa, entonces registra cantidad, unidad, tenant y función sin datos personales.</li><li>Dado que el costo proyectado supera presupuesto, cuando se monitorea, entonces alerta y puede limitar funciones no críticas.</li><li>Dado que se cierra el período, cuando se concilia, entonces el total por tenant coincide con proveedores dentro de tolerancia.</li></ol>",1,8,Outfit\Sprint 18,Outfit,EP-16; Fase 3 - SaaS + IA; Enabler; finops; quotas,New,
User Story,EN-1302 · Taxonomía de eventos y calidad de datos,"<p>Como equipo de analítica, quiero definir eventos, propiedades y reglas de privacidad, para producir métricas comparables.</p><p>Depende de: EN-1501,EN-1506</p><p>Origen: Backlog_Ejecutable · ID interno: EN-1302</p>","<ol><li>Dado que un equipo agrega evento, cuando lo propone, entonces documenta nombre, disparador, propiedades, finalidad y propietario.</li><li>Dado que el payload incumple esquema, cuando se valida, entonces se rechaza o cuarentena con alerta.</li><li>Dado que una propiedad es sensible, cuando se revisa, entonces queda prohibida o se transforma antes del envío.</li></ol>",1,8,Outfit\Sprint 19,Outfit,EP-13; Fase 3 - SaaS + IA; Enabler; analytics; data-contract,New,
User Story,US-1303 · Dashboard de embudo y conversión,"<p>Como gerente de tienda, quiero ver visitas, talla, prueba, carrito y compra por período, para detectar dónde se pierden ventas.</p><p>Depende de: EN-1302,US-0905</p><p>Origen: Backlog_Ejecutable · ID interno: US-1303</p>","<ol><li>Dado que elijo período y tienda, cuando cargo dashboard, entonces muestra usuarios y conversiones por etapa con definición visible.</li><li>Dado que el volumen es bajo, cuando se presenta, entonces protege privacidad suprimiendo segmentos pequeños.</li><li>Dado que hago clic en una caída, cuando exploro, entonces puedo segmentar por canal, categoría y versión permitidos.</li></ol>",1,8,Outfit\Sprint 19,Outfit,EP-13; Fase 3 - SaaS + IA; Historia,New,
User Story,US-1304 · Mapa de tallas y demanda,"<p>Como comprador de inventario, quiero analizar medidas agregadas, tallas solicitadas y stock, para ajustar compras futuras.</p><p>Depende de: EN-1302,US-0404</p><p>Origen: Backlog_Ejecutable · ID interno: US-1304</p>","<ol><li>Dado que consulto categoría y tienda, cuando se calcula, entonces muestra distribución agregada sin perfiles identificables.</li><li>Dado que una talla tiene demanda y poco stock, cuando se analiza, entonces resalta brecha con período y volumen.</li><li>Dado que no hay muestra suficiente, cuando se visualiza, entonces oculta el segmento y explica el umbral.</li></ol>",2,8,Outfit\Sprint 19,Outfit,EP-13; Fase 3 - SaaS + IA; Historia,New,
User Story,US-1305 · Devoluciones y exportación,"<p>Como gerente de operaciones, quiero comparar devoluciones con talla recomendada y exportar resultados, para evaluar impacto real y trabajar en otras herramientas.</p><p>Depende de: US-1303,US-0907</p><p>Origen: Backlog_Ejecutable · ID interno: US-1305</p>","<ol><li>Dado que existen devoluciones integradas, cuando abro análisis, entonces muestra tasa, motivo y relación con recomendación sin afirmar causalidad.</li><li>Dado que exporto, cuando confirmo filtros, entonces genera CSV con período, definiciones y zona horaria.</li><li>Dado que no tengo permiso, cuando intento exportar, entonces se rechaza y audita.</li></ol>",2,8,Outfit\Sprint 19,Outfit,EP-13; Fase 3 - SaaS + IA; Historia,New,
User Story,EN-0406 · Interfaz de adaptadores ERP,"<p>Como arquitecto de integración, quiero definir un contrato común para inventario, precio, producto y orden, para conectar comercios sin contaminar el dominio.</p><p>Depende de: EN-1201,US-1104</p><p>Origen: Backlog_Ejecutable · ID interno: EN-0406</p>","<ol><li>Dado que se crea un conector, cuando implementa el contrato, entonces mapea identificadores, estados, fechas y errores de forma normalizada.</li><li>Dado que el ERP agrega un campo, cuando cambia el adaptador, entonces el dominio y la app permanecen estables.</li><li>Dado que un mensaje no puede mapearse, cuando se procesa, entonces va a cuarentena con causa y referencia.</li></ol>",1,8,Outfit\Sprint 20,Outfit,EP-04; Fase 3 - SaaS + IA; Enabler,New,
User Story,EN-0407 · Webhooks de inventario y precio,"<p>Como sistema de tienda, quiero notificar cambios a VístIA, para mantener disponibilidad casi en tiempo real.</p><p>Depende de: EN-0406,EN-1206</p><p>Origen: Backlog_Ejecutable · ID interno: EN-0407</p>","<ol><li>Dado que llega un evento firmado, cuando se valida, entonces actualiza la entidad correcta una sola vez.</li><li>Dado que llega fuera de orden, cuando se compara versión, entonces no sobrescribe un dato más reciente.</li><li>Dado que la firma o tenant son inválidos, cuando se recibe, entonces se rechaza y alerta.</li></ol>",1,8,Outfit\Sprint 20,Outfit,EP-04; Fase 3 - SaaS + IA; Enabler,New,
User Story,"EN-0408 · Reintentos, idempotencia y cola de fallos","<p>Como equipo de integración, quiero procesar fallos transitorios sin duplicar operaciones, para aumentar confiabilidad de integraciones.</p><p>Depende de: EN-0407</p><p>Origen: Backlog_Ejecutable · ID interno: EN-0408</p>","<ol><li>Dado que un destino falla temporalmente, cuando se reintenta, entonces usa backoff, límite y misma clave idempotente.</li><li>Dado que excede reintentos, cuando se mueve, entonces queda en cola de fallos con alerta y herramienta de reproceso.</li><li>Dado que se reprocesa, cuando termina, entonces actualiza estado sin duplicar.</li></ol>",1,8,Outfit\Sprint 20,Outfit,EP-04; Fase 3 - SaaS + IA; Enabler; resilience; idempotency,New,
User Story,EN-0409 · Reconciliación programada de inventario,"<p>Como equipo de operación, quiero comparar VístIA con la fuente maestra, para corregir desvíos no cubiertos por eventos.</p><p>Depende de: EN-0408</p><p>Origen: Backlog_Ejecutable · ID interno: EN-0409</p>","<ol><li>Dado que corre el job, cuando compara, entonces reporta faltantes, excedentes y versiones divergentes.</li><li>Dado que la diferencia es segura de corregir, cuando aplica, entonces actualiza con trazabilidad.</li><li>Dado que la diferencia es ambigua, cuando finaliza, entonces abre incidencia y no sobrescribe.</li></ol>",2,5,Outfit\Sprint 20,Outfit,EP-04; Fase 3 - SaaS + IA; Enabler,New,
User Story,US-1401 · Sesión invitada en kiosco,"<p>Como cliente en tienda, quiero iniciar una prueba sin dejar mi cuenta abierta, para usar el espejo con privacidad.</p><p>Depende de: US-0610,EN-1206</p><p>Origen: Backlog_Ejecutable · ID interno: US-1401</p>","<ol><li>Dado que el kiosco está libre, cuando inicio, entonces crea sesión temporal aislada y muestra aviso de privacidad.</li><li>Dado que no hay actividad, cuando vence el tiempo, entonces advierte y luego elimina la sesión visible.</li><li>Dado que el kiosco reinicia, cuando vuelve, entonces no restaura imágenes ni datos del cliente anterior.</li></ol>",1,8,Outfit\Sprint 21,Outfit,EP-14; Fase 3 - SaaS + IA; Historia,New,
User Story,US-1402 · Emparejamiento seguro por QR,"<p>Como persona usuaria, quiero vincular temporalmente mi avatar móvil con un kiosco, para continuar mi experiencia en tienda.</p><p>Depende de: US-1401,US-0302</p><p>Origen: Backlog_Ejecutable · ID interno: US-1402</p>","<ol><li>Dado que escaneo un QR vigente, cuando confirmo en el móvil, entonces el kiosco recibe un token de sesión limitado, no mis credenciales.</li><li>Dado que el QR venció o ya se usó, cuando intento, entonces se rechaza y solicita uno nuevo.</li><li>Dado que termino, cuando cierro desde cualquier dispositivo, entonces se revoca el vínculo en ambos.</li></ol>",1,8,Outfit\Sprint 21,Outfit,EP-14; Fase 3 - SaaS + IA; Historia,New,
User Story,US-1403 · Continuar look del kiosco en móvil,"<p>Como cliente en tienda, quiero enviar el look, stock y tienda a mi celular, para guardar o comprar después.</p><p>Depende de: US-1402,US-0904</p><p>Origen: Backlog_Ejecutable · ID interno: US-1403</p>","<ol><li>Dado que el kiosco está emparejado, cuando pulso Continuar en móvil, entonces recibo deep link con identificadores temporales.</li><li>Dado que abro el enlace, cuando mi sesión es válida, entonces veo el look y stock actualizado.</li><li>Dado que no tengo la app, cuando abro, entonces llego a web o tienda de aplicaciones sin exponer datos.</li></ol>",2,5,Outfit\Sprint 21,Outfit,EP-14; Fase 3 - SaaS + IA; Historia,New,
User Story,EN-1404 · Borrado verificable de sesión física,"<p>Como responsable de privacidad, quiero limpiar caché, imágenes, tokens y pantalla al finalizar, para evitar exposición al siguiente cliente.</p><p>Depende de: US-1401,EN-1505</p><p>Origen: Backlog_Ejecutable · ID interno: EN-1404</p>","<ol><li>Dado que termina o vence sesión, cuando corre limpieza, entonces elimina datos locales y remotos temporales dentro del SLA.</li><li>Dado que una eliminación falla, cuando se detecta, entonces bloquea el kiosco y alerta soporte.</li><li>Dado que se audita, cuando se revisa, entonces existe evidencia técnica sin conservar el contenido del usuario.</li></ol>",1,8,Outfit\Sprint 21,Outfit,EP-15; Fase 3 - SaaS + IA; Enabler,New,
User Story,SP-0306 · I+D de body scan avanzado,"<p>Como equipo de investigación, quiero evaluar depth/LiDAR y alternativas para reconstrucción corporal, para determinar viabilidad, cobertura y costo reales.</p><p>Depende de: SP-0304,EN-0613</p><p>Origen: Backlog_Ejecutable · ID interno: SP-0306</p>","<ol><li>Dado que existe protocolo aprobado, cuando se prueban dispositivos, entonces mide error, tiempo, fallos y cobertura de mercado.</li><li>Dado que el método requiere hardware limitado, cuando se concluye, entonces cuantifica porcentaje elegible y fallback.</li><li>Dado que termina el estudio, cuando se revisa, entonces produce go/no-go y requisitos de privacidad.</li></ol>",3,13,Outfit\Sprint 22,Outfit,EP-03; Fase 3 - SaaS + IA; Spike; research; depth; lidar,New,
User Story,SP-0615 · I+D de física de tela,"<p>Como equipo de investigación, quiero probar simulación de caída para tejidos y cuerpos seleccionados, para separar una visualización estética de un ajuste verificable.</p><p>Depende de: SP-0606,SP-0306</p><p>Origen: Backlog_Ejecutable · ID interno: SP-0615</p>","<ol><li>Dado que hay activos con propiedades de tejido, cuando simula, entonces documenta rendimiento y calidad por categoría.</li><li>Dado que compara con prendas reales, cuando evalúa, entonces mide discrepancias con protocolo repetible.</li><li>Dado que no cumple precisión o costo, cuando decide, entonces no se comercializa como ajuste real.</li></ol>",3,13,Outfit\Sprint 22,Outfit,EP-06; Fase 3 - SaaS + IA; Spike; research; cloth-simulation,New,
User Story,EN-0616 · Benchmark de precisión y etiquetado de confianza,"<p>Como equipo de calidad, quiero comparar talla, overlay, AR y escaneo contra referencias, para publicar solo afirmaciones respaldadas.</p><p>Depende de: SP-0306,SP-0615</p><p>Origen: Backlog_Ejecutable · ID interno: EN-0616</p>","<ol><li>Dado que se evalúa una función, cuando corre benchmark, entonces reporta precisión, intervalo, muestra, dispositivo y versión.</li><li>Dado que no cumple umbral, cuando se publica, entonces la función queda beta, limitada o bloqueada.</li><li>Dado que el resultado se muestra al usuario, cuando se renderiza, entonces usa etiqueta coherente con evidencia y limitaciones.</li></ol>",1,8,Outfit\Sprint 22,Outfit,EP-15; Fase 3 - SaaS + IA; Enabler,New,
User Story,EN-0708 · Evaluación continua de recomendaciones,"<p>Como equipo de IA, quiero ejecutar un conjunto de casos antes de cambiar modelo, reglas o prompt, para reducir regresiones y sesgos.</p><p>Depende de: EN-0707,EN-0616</p><p>Origen: Backlog_Ejecutable · ID interno: EN-0708</p>","<ol><li>Dado que cambia un componente de IA, cuando corre evaluación, entonces mide relevancia, stock, restricciones, seguridad, costo y latencia.</li><li>Dado que falla un umbral, cuando finaliza, entonces bloquea el despliegue o exige excepción aprobada.</li><li>Dado que se aprueba, cuando se despliega, entonces conserva versión y comparación.</li></ol>",1,8,Outfit\Sprint 22,Outfit,EP-07; Fase 3 - SaaS + IA; Enabler; ai-evals; quality,New,
User Story,EN-1507 · Prueba de penetración y remediación,"<p>Como responsable de seguridad, quiero evaluar app, API, portal, multi-tenant, pagos y kiosco, para cerrar vulnerabilidades antes del lanzamiento.</p><p>Depende de: EN-1206,EN-0908,EN-1404</p><p>Origen: Backlog_Ejecutable · ID interno: EN-1507</p>","<ol><li>Dado que inicia pentest, cuando se ejecuta, entonces cubre autenticación, autorización, aislamiento, archivos, API y lógica crítica.</li><li>Dado que hay hallazgo crítico o alto, cuando se triage, entonces tiene propietario, fecha y bloquea producción hasta remediación validada.</li><li>Dado que se corrige, cuando se reevalúa, entonces la evidencia confirma cierre.</li></ol>",1,13,Outfit\Sprint 23,Outfit,EP-15; Fase 3 - SaaS + IA; Enabler; pentest; security,New,
User Story,"EN-1508 · Backup, restauración y continuidad","<p>Como equipo de operación, quiero restaurar datos y servicio dentro de objetivos acordados, para recuperarse de incidentes sin improvisar.</p><p>Depende de: EN-1202,EN-1506</p><p>Origen: Backlog_Ejecutable · ID interno: EN-1508</p>","<ol><li>Dado que corre backup, cuando finaliza, entonces está cifrado, monitoreado y sujeto a retención.</li><li>Dado que se ejecuta simulacro, cuando restaura, entonces cumple RPO/RTO y verifica consistencia.</li><li>Dado que falla, cuando termina, entonces genera alerta y plan de remediación.</li></ol>",1,8,Outfit\Sprint 23,Outfit,EP-15; Fase 3 - SaaS + IA; Enabler; backup; disaster-recovery,New,
User Story,EN-1509 · Auditoría final de privacidad y accesibilidad,"<p>Como Product Owner, quiero validar consentimientos, derechos, retención, transferencias y flujos accesibles, para publicar con riesgos conocidos y tratados.</p><p>Depende de: EN-1507,EN-1508</p><p>Origen: Backlog_Ejecutable · ID interno: EN-1509</p>","<ol><li>Dado que se revisa producción, cuando audita, entonces traza cada dato y finalidad hasta consentimiento, control y retención.</li><li>Dado que se prueban flujos críticos, cuando usa ayudas técnicas, entonces no quedan defectos bloqueantes de accesibilidad.</li><li>Dado que existe hallazgo crítico, cuando se decide lanzamiento, entonces queda bloqueado hasta cierre o decisión formal de no lanzar.</li></ol>",1,8,Outfit\Sprint 23,Outfit,EP-15; Fase 3 - SaaS + IA; Enabler,New,
User Story,"EN-1607 · Lanzamiento, SLA y soporte estable","<p>Como equipo de producto, quiero publicar con checklist, rollout, soporte y métricas de negocio, para operar VístIA como producto y no como demo.</p><p>Depende de: EN-1509,EN-1606</p><p>Origen: Backlog_Ejecutable · ID interno: EN-1607</p>","<ol><li>Dado que la candidata cumple gates, cuando se publica, entonces usa rollout progresivo, notas, monitoreo y rollback.</li><li>Dado que un tenant reporta incidente, cuando se clasifica, entonces aplica SLA, responsable, comunicación y cierre documentado.</li><li>Dado que finaliza el primer ciclo, cuando se revisan métricas, entonces se decide inversión del siguiente trimestre con evidencia.</li></ol>",1,8,Outfit\Sprint 23,Outfit,EP-16; Fase 3 - SaaS + IA; Enabler; launch; sla; support,New,
User Story,US-1701 · Crear y aprovisionar una empresa,"<p>Como super administrador de plataforma, quiero crear una empresa con su plan, su dominio y su primer usuario propietario, para que empiece a operar sin que ingeniería toque la base de datos.</p><p>Depende de: US-1204, EN-1206</p><p>Origen: doc 08 · ID interno: US-1701</p>","<ol><li>Dado que soy super administrador autenticado con MFA vigente, cuando abro Nueva empresa y diligencio razón social, NIT/identificación fiscal, país, moneda, subdominio, plan y correo del propietario, entonces el sistema crea el tenant en estado PROVISIONING y muestra el progreso paso a paso.</li><li>Dado que el aprovisionamiento termina correctamente, cuando consulto la empresa, entonces está en estado ACTIVE, tiene su esquema de datos aislado, sus cuotas del plan aplicadas, su tema visual por defecto y un usuario TENANT_OWNER invitado por correo con enlace de un solo uso válido 72 h.</li><li>Dado que el subdominio o la identificación fiscal ya existen, cuando intento crear la empresa, entonces el sistema rechaza la creación con mensaje específico e indica cuál campo colisiona, sin crear registros parciales.</li><li>Dado que un paso del aprovisionamiento falla, cuando el proceso se interrumpe, entonces el tenant queda en estado PROVISIONING_FAILED, no es accesible por nadie, se registra la causa y existe una acción explícita de reintento idempotente.</li><li>Dado que la empresa se creó, cuando consulto el log de auditoría global, entonces existe un registro con actor, motivo, marca de tiempo, IP y el estado inicial completo del tenant.</li></ol>",1,8,Outfit\Sprint 17,Outfit,EP-17; Fase 3; Historia; Nueva 31-ago-2026,New,
User Story,"US-1702 · Suspender, reactivar y eliminar una empresa","<p>Como super administrador, quiero suspender, reactivar o eliminar una empresa respetando la retención contractual, para gestionar impagos y bajas sin destruir datos que aún debo conservar.</p><p>Depende de: US-1701</p><p>Origen: doc 08 · ID interno: US-1702</p>","<ol><li>Dado un tenant ACTIVE, cuando lo suspendo indicando motivo, entonces sus usuarios administrativos ven una pantalla de cuenta suspendida al iniciar sesión, su catálogo deja de aparecer en la app de consumidor, y sus datos se conservan íntegros.</li><li>Dado un tenant SUSPENDED, cuando lo reactivo, entonces recupera exactamente el estado previo (catálogo publicado, usuarios, configuración, cuotas) sin acción manual adicional.</li><li>Dado un tenant que solicita baja, cuando ejecuto eliminar, entonces el sistema exige confirmación escribiendo la razón social, pasa el tenant a PENDING_DELETION con la fecha de purga calculada según el período de retención del contrato, y notifica al propietario.</li><li>Dado un tenant en PENDING_DELETION dentro del período de retención, cuando el propietario o el super administrador cancela la baja, entonces el tenant vuelve a SUSPENDED sin pérdida de datos.</li><li>Dado que vence el período de retención, cuando corre el trabajo de purga, entonces se eliminan datos personales y de catálogo, se conservan únicamente los registros de facturación y auditoría exigidos por ley, y se genera un certificado de borrado descargable.</li><li>Dado cualquiera de estas transiciones, cuando se ejecuta, entonces queda registrada en auditoría con actor, motivo y estado anterior/posterior.</li></ol>",1,8,Outfit\Sprint 17,Outfit,EP-17; Fase 3; Historia; Nueva 31-ago-2026,New,
User Story,US-1703 · Editor de tema visual por empresa,"<p>Como super administrador o dueño de empresa, quiero definir colores, tipografía, logo, radios, densidad y modo oscuro de mi tienda, para que la aplicación se vea como mi marca sin pedir un despliegue.</p><p>Depende de: US-1701, EN-1903</p><p>Origen: doc 08 · ID interno: US-1703</p>","<ol><li>Dado que abro el editor de tema, cuando modifico el color de acento, la tipografía, el radio de esquina, la densidad o el logo, entonces veo una previsualización en vivo de al menos tres pantallas reales (catálogo, detalle de producto, probador) en modo claro y oscuro.</li><li>Dado que elijo una combinación de color, cuando el contraste de texto sobre fondo cae por debajo de 4,5:1 (o 3:1 en elementos no textuales), entonces el editor lo señala con la razón calculada y no permite publicar hasta corregirlo (RN-026).</li><li>Dado que el tema incumple el contraste, cuando pido corregir automáticamente, entonces el sistema propone el valor de luminosidad más cercano que sí cumple, explicando el cambio.</li><li>Dado que subo un logo, cuando el archivo no es SVG/PNG, supera 512 KB o no tiene versión para fondo oscuro, entonces el sistema lo rechaza indicando el requisito incumplido.</li><li>Dado un tema válido, cuando publico, entonces se versiona, se aplica a web, app móvil y kiosco de ese tenant en menos de 5 minutos sin desplegar código, y queda disponible la opción de revertir a la versión anterior.</li><li>Dado un tema publicado, cuando navego por carrito, pago o navegación principal, entonces estos conservan la paleta base de la plataforma independientemente del tema del tenant (RN-027).</li><li>Dado que el tenant no ha configurado tema, cuando un usuario abre la aplicación, entonces se aplica el tema por defecto de la plataforma sin errores ni parpadeo.</li></ol>",1,13,Outfit\Sprint 17,Outfit,EP-17; Fase 3; Historia; Nueva 31-ago-2026,New,
User Story,US-1704 · Editor de animaciones y micro-interacciones,"<p>Como super administrador, quiero elegir el nivel y estilo de animación de la aplicación por empresa, para ajustar la personalidad de marca sin comprometer rendimiento ni accesibilidad.</p><p>Depende de: US-1703</p><p>Origen: doc 08 · ID interno: US-1704</p>","<ol><li>Dado que abro el editor, cuando selecciono un preajuste (ninguna, sutil, estándar, expresiva), entonces la previsualización muestra transición de pantalla, aparición de tarjeta, retroalimentación de botón y animación del splash con ese preajuste.</li><li>Dado un preajuste, cuando ajusto duración y curva de una transición, entonces el sistema impide valores fuera del rango permitido (duración 80–600 ms) explicando el límite.</li><li>Dado que el dispositivo del usuario tiene activada la reducción de movimiento del sistema, cuando abro la aplicación, entonces se ignora el preajuste del tenant y se usan transiciones de opacidad únicamente (RNF-06).</li><li>Dado un preajuste expresiva, cuando se mide en un dispositivo de gama baja de la matriz, entonces no se pierden fotogramas por encima del presupuesto definido; si se pierden, el sistema degrada automáticamente a sutil y lo registra.</li><li>Dado un cambio de configuración de animación, cuando se publica, entonces queda versionado y auditado igual que el tema visual.</li></ol>",3,8,Outfit\Sprint 17,Outfit,EP-17; Fase 3; Historia; Nueva 31-ago-2026,New,
User Story,US-1705 · Catálogo de funcionalidades activables por empresa,"<p>Como super administrador, quiero activar o desactivar funcionalidades por empresa y por plan, para vender configuraciones distintas sin mantener ramas de código.</p><p>Depende de: US-1701, EN-0007</p><p>Origen: doc 08 · ID interno: US-1705</p>","<ol><li>Dado el catálogo de funcionalidades, cuando lo abro para un tenant, entonces veo cada funcionalidad con su estado (incluida en el plan, activada, desactivada, no disponible en este plan), su descripción de negocio y su impacto en costo.</li><li>Dado que activo una funcionalidad no incluida en el plan del tenant, cuando confirmo, entonces el sistema exige una justificación y la marca como excepción comercial con fecha de vencimiento.</li><li>Dado que desactivo una funcionalidad en uso, cuando confirmo, entonces el sistema advierte qué datos y pantallas quedan inaccesibles, y los conserva (no los borra) para permitir reactivación.</li><li>Dado un cambio de funcionalidad, cuando se aplica, entonces surte efecto en las aplicaciones del tenant en menos de 5 minutos y no requiere que el usuario reinstale ni cierre sesión.</li><li>Dado que una funcionalidad está desactivada, cuando un cliente llama al endpoint correspondiente, entonces recibe 404 (no 403), sin filtrar que la funcionalidad existe.</li><li>Dado que el super administrador desactiva una funcionalidad de seguridad obligatoria (auditoría, MFA administrativo, aislamiento), cuando lo intenta, entonces el sistema lo rechaza: esas funcionalidades no son configurables.</li></ol>",1,8,Outfit\Sprint 17,Outfit,EP-17; Fase 3; Historia; Nueva 31-ago-2026,New,
User Story,"US-1706 · Panel de salud, uso y consumo por empresa","<p>Como super administrador, quiero ver por empresa su uso, su consumo de recursos costosos y su salud operativa, para anticipar problemas comerciales y de margen.</p><p>Depende de: EN-1506, EN-1606</p><p>Origen: doc 08 · ID interno: US-1706</p>","<ol><li>Dado el panel, cuando lo abro, entonces veo por tenant: usuarios activos, SKU publicados, pruebas virtuales del mes, consultas al Stylist, almacenamiento consumido, tasa de error de API y porcentaje de cuota utilizado.</li><li>Dado un tenant que supera el 80% de cualquier cuota, cuando se calcula el panel, entonces aparece destacado y se envía una alerta al equipo comercial y al propietario del tenant.</li><li>Dado un tenant que supera el 100% de su cuota, cuando ocurre, entonces se aplica la política del plan (degradar o bloquear la funcionalidad afectada) con aviso claro al usuario, sin pérdida de datos (RN-028).</li><li>Dado el panel, cuando selecciono un rango de fechas, entonces los datos se recalculan y puedo exportarlos en CSV.</li><li>Dado que consulto costo, cuando abro el detalle de un tenant, entonces veo el costo variable estimado (IA, almacenamiento, ancho de banda) y el margen frente al precio del plan.</li></ol>",1,8,Outfit\Sprint 17,Outfit,EP-17; Fase 3; Historia; Nueva 31-ago-2026,New,
User Story,US-1707 · Impersonación segura para soporte,"<p>Como soporte de plataforma, quiero ver la aplicación tal como la ve un usuario administrativo de una empresa, para diagnosticar un problema que no puedo reproducir, sin que eso se convierta en una puerta trasera.</p><p>Depende de: EN-1801, EN-1511</p><p>Origen: doc 08 · ID interno: US-1707</p>","<ol><li>Dado que soy PLATFORM_SUPPORT o PLATFORM_SUPER_ADMIN, cuando inicio una impersonación, entonces el sistema exige motivo escrito, número de ticket y re-autenticación con MFA en ese momento (no basta la sesión abierta).</li><li>Dada una impersonación iniciada, cuando navego, entonces la sesión es de solo lectura: cualquier acción de escritura se bloquea con mensaje explícito.</li><li>Dado que necesito escribir durante la impersonación, cuando lo solicito, entonces se requiere aprobación de un segundo super administrador (four-eyes) antes de habilitarla, y esa aprobación se audita.</li><li>Dada una impersonación activa, cuando la vista se renderiza, entonces un banner permanente y no ocultable indica ""Sesión impersonada por &amp;lt;actor&amp;gt; · motivo &amp;lt;x&amp;gt; · expira en &amp;lt;mm:ss&amp;gt;"".</li><li>Dado que transcurren 30 minutos, cuando llega el límite, entonces la sesión impersonada termina automáticamente y exige un nuevo motivo para reanudarse.</li><li>Dada una impersonación, cuando intento acceder a un perfil corporal, avatar o foto de un usuario final, entonces el dato llega cifrado y es ilegible, y así se indica en la interfaz (RN-020).</li><li>Dada una impersonación iniciada, cuando arranca, entonces se notifica por correo al TENANT_OWNER en menos de 5 minutos y queda registrada íntegramente en auditoría.</li></ol>",2,8,Outfit\Sprint 18,Outfit,EP-17; Fase 3; Historia; Nueva 31-ago-2026,New,
User Story,US-1708 · Gestión de usuarios de plataforma,"<p>Como super administrador, quiero administrar los usuarios internos de la plataforma y sus roles, para controlar quién puede operar el backoffice.</p><p>Depende de: US-1701</p><p>Origen: doc 08 · ID interno: US-1708</p>","<ol><li>Dado el módulo de usuarios de plataforma, cuando invito a un usuario con rol PLATFORM_SUPPORT o PLATFORM_SUPER_ADMIN, entonces recibe una invitación con enlace de un solo uso y debe configurar MFA antes de su primer acceso.</li><li>Dado un usuario de plataforma, cuando revoco su acceso, entonces todas sus sesiones activas se invalidan en menos de 60 segundos.</li><li>Dado que solo queda un PLATFORM_SUPER_ADMIN, cuando intento eliminarlo o degradarlo, entonces el sistema lo impide: siempre debe existir al menos uno.</li><li>Dado un usuario de plataforma sin actividad durante 90 días, cuando corre el trabajo de revisión, entonces se marca para revisión de acceso y se notifica.</li><li>Dada cualquier alta, baja o cambio de rol, cuando ocurre, entonces se audita con actor, objetivo, rol anterior y nuevo.</li></ol>",1,5,Outfit\Sprint 18,Outfit,EP-17; Fase 3; Historia; Nueva 31-ago-2026,New,
User Story,EN-1801 · Servicio de auditoría append-only,"<p>Como equipo de plataforma, necesito un servicio transversal de auditoría que registre toda acción administrativa de forma inmutable, para cumplir el requisito de auditoría por rol y sostener investigaciones de seguridad.</p><p>Depende de: EN-1201, EN-1202</p><p>Origen: doc 08 · ID interno: EN-1801</p>","<ol><li>Dado cualquier comando administrativo (crear, modificar, borrar, publicar, despublicar, exportar, importar, cambiar rol, impersonar, cambiar configuración), cuando se ejecuta correctamente, entonces se escribe un registro con: event_id, occurred_at (UTC), actor_id, actor_role, tenant_id, scope, action, resource_type, resource_id, ip, user_agent, request_id, before, after, result.</li><li>Dado un comando administrativo que falla, cuando se rechaza por autorización, entonces también se registra, con result = DENIED y la razón.</li><li>Dado que la escritura del registro de auditoría falla, cuando ocurre en una acción crítica (cambio de rol, cambio de configuración de seguridad, impersonación, borrado), entonces la operación de negocio se revierte: no hay acción crítica sin auditoría.</li><li>Dado un registro que contiene datos corporales o personales sensibles, cuando se construye, entonces esos campos se sustituyen por referencias y hashes, nunca por el contenido (RN-033).</li><li>Dada la tabla de auditoría, cuando cualquier rol o proceso intenta UPDATE o DELETE sobre ella, entonces la base de datos lo rechaza (permisos + trigger), y el intento se registra como incidente (RN-032).</li><li>Dado el volumen esperado, cuando se consulta por tenant y rango de fechas, entonces la respuesta p95 es ≤ 2 s sobre 12 meses de datos (tabla particionada por mes).</li></ol>",1,8,Outfit\Sprint 7,Outfit,EP-18; Fase 2; Habilitador; Nueva 31-ago-2026,New,
User Story,US-1802 · Consulta y exportación de auditoría por la empresa,"<p>Como administrador de una empresa, quiero consultar y exportar el historial de acciones de mi equipo, para investigar incidentes y responder auditorías de mi propia organización.</p><p>Depende de: EN-1801</p><p>Origen: doc 08 · ID interno: US-1802</p>","<ol><li>Dado que soy TENANT_OWNER o TENANT_ADMIN, cuando abro el log de auditoría, entonces veo únicamente eventos de mi tenant, con filtros por actor, rol, acción, tipo de recurso y rango de fechas.</li><li>Dado un evento, cuando lo abro, entonces veo el detalle legible del cambio (antes/después) en formato comprensible, no un volcado JSON crudo.</li><li>Dado un filtro aplicado, cuando exporto, entonces obtengo un CSV con los mismos registros visibles, y la exportación misma queda auditada.</li><li>Dado que soy un rol sin permiso de auditoría (CATALOG_EDITOR, ANALYST, etc.), cuando intento acceder al módulo, entonces recibo 404.</li><li>Dado un intento de consultar eventos de otro tenant manipulando parámetros, cuando se procesa, entonces devuelve 404 y el intento se registra como evento de seguridad (RN-009).</li></ol>",1,5,Outfit\Sprint 17,Outfit,EP-18; Fase 3; Historia; Nueva 31-ago-2026,New,
User Story,US-1803 · Consulta global de auditoría,"<p>Como super administrador, quiero consultar la auditoría de todas las empresas y de la plataforma, para investigar incidentes de seguridad transversales.</p><p>Depende de: EN-1801</p><p>Origen: doc 08 · ID interno: US-1803</p>","<ol><li>Dado que soy PLATFORM_SUPER_ADMIN o PLATFORM_SUPPORT, cuando abro la auditoría global, entonces puedo filtrar por tenant, actor, acción, IP, rango de fechas y resultado.</li><li>Dada una búsqueda por IP o por actor, cuando la ejecuto, entonces veo la actividad correlacionada a través de todos los tenants.</li><li>Dados eventos de seguridad (accesos denegados, intentos entre tenants, fallos de autenticación repetidos, impersonaciones), cuando abro la vista dedicada, entonces aparecen agrupados con su severidad.</li><li>Dado que consulto la auditoría global, cuando lo hago, entonces mi propia consulta queda auditada con el filtro aplicado.</li><li>Dado un patrón anómalo configurado (p. ej. &gt; 20 accesos denegados de un actor en 10 minutos), cuando se detecta, entonces se genera una alerta con enlace al runbook correspondiente.</li></ol>",1,5,Outfit\Sprint 18,Outfit,EP-18; Fase 3; Historia; Nueva 31-ago-2026,New,
User Story,"EN-1804 · Integridad, retención y protección del log","<p>Como responsable de seguridad, necesito que el log de auditoría sea verificablemente íntegro y se conserve el tiempo debido, para que sirva como evidencia.</p><p>Depende de: EN-1801</p><p>Origen: doc 08 · ID interno: EN-1804</p>","<ol><li>Dado un lote de registros, cuando se escribe, entonces cada registro incluye el hash del anterior (cadena por tenant), de modo que cualquier alteración o eliminación rompe la cadena.</li><li>Dada la cadena, cuando corre la verificación diaria de integridad, entonces se emite un informe; si la cadena está rota, se genera una alerta crítica inmediata.</li><li>Dado el cierre de cada día, cuando corre el trabajo de sellado, entonces el hash raíz del día se almacena en un medio independiente (bucket con retención inmutable / WORM).</li><li>Dada la política de retención, cuando un registro supera el período configurado (mínimo 12 meses, configurable por plan y por exigencia legal), entonces se archiva a almacenamiento frío antes de cualquier purga, nunca se borra directamente.</li><li>Dado un tenant eliminado, cuando se purgan sus datos, entonces sus registros de auditoría se conservan según la exigencia legal aunque el resto se elimine (US-1702 CA-5).</li><li>Dado el acceso al almacenamiento de auditoría, cuando se revisan permisos, entonces ninguna identidad de aplicación tiene permiso de borrado sobre él.</li></ol>",1,8,Outfit\Sprint 18,Outfit,EP-18; Fase 3; Habilitador; Nueva 31-ago-2026,New,
User Story,EN-1901 · Aplicación web administrativa responsiva,"<p>Como equipo, necesito una aplicación web administrativa responsiva sobre el contrato OpenAPI, para que empresas y plataforma operen desde el navegador.</p><p>Depende de: EN-0006, EN-1201</p><p>Origen: doc 08 · ID interno: EN-1901</p>","<ol><li>Dada la aplicación web, cuando la abro en 360 px, 768 px y 1440 px de ancho, entonces la navegación, las tablas y los formularios son usables sin desbordamiento horizontal ni pérdida de acciones.</li><li>Dado el cliente HTTP, cuando se compila, entonces se genera desde el contrato OpenAPI; un cambio incompatible en el contrato rompe la compilación (AUT-05).</li><li>Dado que abro cualquier pantalla administrativa, cuando mido, entonces LCP ≤ 2,5 s e INP ≤ 200 ms en 4G simulada, verificado por Lighthouse CI como gate de PR.</li><li>Dada una sesión, cuando el token expira, entonces se renueva de forma transparente; si la renovación falla, se redirige al acceso conservando la ruta de retorno.</li><li>Dada la accesibilidad, cuando corre axe en CI sobre las rutas críticas, entonces hay 0 violaciones serias o críticas.</li><li>Dado el tema del tenant, cuando se carga la aplicación, entonces se aplican los tokens del tenant en la primera pintura, sin parpadeo de tema.</li></ol>",1,13,Outfit\Sprint 6,Outfit,EP-19; Fase 2; Habilitador; Nueva 31-ago-2026,New,
User Story,EN-1903 · Sistema de diseño compartido web/móvil,"<p>Como equipo, necesito una única fuente de verdad de tokens de diseño que genere artefactos para web y para Compose, para que las dos plataformas no diverjan.</p><p>Depende de: EN-1901</p><p>Origen: doc 08 · ID interno: EN-1903</p>","<ol><li>Dada la definición de tokens en un único archivo fuente (JSON/W3C Design Tokens), cuando corre la generación, entonces produce variables CSS para web y un Theme de Compose para Android, ambos versionados.</li><li>Dado un token modificado, cuando se genera sin haber ejecutado la generación, entonces CI falla indicando que los artefactos están desactualizados.</li><li>Dado el conjunto de tokens de color, cuando corre la validación, entonces todas las parejas texto/fondo declaradas cumplen WCAG AA y el incumplimiento bloquea el merge.</li><li>Dado un componente del sistema, cuando existe en web, entonces existe su equivalente en Compose con el mismo nombre y la misma API conceptual, verificado por una lista de paridad en CI.</li><li>Dado el catálogo de componentes, cuando se publica, entonces está disponible como Storybook (web) y como catálogo navegable en la app de depuración (Android).</li></ol>",1,8,Outfit\Sprint 6,Outfit,EP-19; Fase 2; Habilitador; Nueva 31-ago-2026,New,
User Story,US-1904 · Aplicación móvil de administración,"<p>Como administrador de tienda, quiero operar mi inventario desde el móvil, para actualizar stock, precios y publicación sin volver al computador.</p><p>Depende de: US-1101, EN-1903</p><p>Origen: doc 08 · ID interno: US-1904</p>","<ol><li>Dado que inicio sesión con un rol administrativo en la app, cuando accedo, entonces veo el módulo de administración con las tiendas y marcas de mi ámbito, y no el módulo de consumidor.</li><li>Dado el módulo, cuando lo uso, entonces puedo: consultar y editar stock, ajustar precio, publicar/despublicar una variante, subir fotos desde la cámara y consultar la ubicación en tienda de un SKU.</li><li>Dado que no tengo conexión, cuando registro un ajuste de stock, entonces queda en cola con estado visible y se sincroniza al recuperar conexión, resolviendo conflictos con la última escritura del servidor y avisando al usuario.</li><li>Dado que mi rol es INVENTORY_OPERATOR, cuando abro el módulo, entonces solo veo acciones de stock y ubicación; las de precio y publicación no aparecen (no basta con deshabilitarlas).</li><li>Dada cualquier acción administrativa desde el móvil, cuando se ejecuta, entonces se audita igual que desde la web, incluyendo el canal de origen.</li><li>Dado que escaneo un código de barras o QR de un producto, cuando la cámara lo reconoce, entonces se abre directamente la ficha de esa variante.</li></ol>",2,13,Outfit\Sprint 9,Outfit,EP-19; Fase 2; Historia; Nueva 31-ago-2026,New,
User Story,US-1905 · Paridad de sesión entre web y aplicación,"<p>Como usuario administrativo, quiero pasar de la web a la aplicación sin volver a autenticarme desde cero, para no perder tiempo entre canales.</p><p>Depende de: EN-1203, EN-1512</p><p>Origen: doc 08 · ID interno: US-1905</p>","<ol><li>Dado que tengo sesión activa en la web, cuando abro la aplicación móvil y elijo continuar sesión, entonces se emite un código de emparejamiento de corta vida (≤ 2 min, un solo uso) que autentica el dispositivo.</li><li>Dado un código de emparejamiento, cuando se usa por segunda vez o después de expirar, entonces se rechaza y el intento se audita.</li><li>Dado que revoco una sesión desde sesiones activas, cuando lo hago, entonces ese dispositivo pierde el acceso en menos de 60 segundos (revocación efectiva del refresh token).</li><li>Dado que mi rol exige MFA, cuando emparejo un dispositivo nuevo, entonces se exige MFA en el dispositivo nuevo aunque la sesión de origen ya lo hubiera superado.</li></ol>",2,5,Outfit\Sprint 18,Outfit,EP-19; Fase 3; Historia; Nueva 31-ago-2026,New,
User Story,US-0410 · Jerarquía organizacional de la empresa,"<p>Como administrador de empresa, quiero modelar mi organización real —marcas, tiendas, secciones y ubicaciones— para que el inventario y los permisos reflejen cómo opero, sea yo una boutique o una cadena.</p><p>Depende de: US-1101, EN-1202</p><p>Origen: doc 08 · ID interno: US-0410</p>","<ol><li>Dada mi empresa, cuando configuro la organización, entonces puedo crear marcas, y dentro de cada marca tiendas/sucursales, y dentro de cada tienda secciones y ubicaciones (piso, sección, percha).</li><li>Dado un negocio pequeño, cuando no creo marcas ni secciones, entonces el sistema funciona con una marca y una tienda implícitas y no me obliga a diligenciar la jerarquía completa.</li><li>Dada una tienda, cuando la creo, entonces registro dirección, horario, contacto, geolocalización y si permite reserva y recogida.</li><li>Dado un usuario con rol STORE_MANAGER asignado a la tienda A, cuando consulta inventario, entonces solo ve el de la tienda A y sus secciones; una petición por la tienda B devuelve 404.</li><li>Dado que intento eliminar una tienda con inventario o reservas activas, cuando lo hago, entonces el sistema lo impide y explica qué debo resolver primero; ofrece archivar como alternativa.</li><li>Dada la jerarquía, cuando consulto el stock de un producto, entonces puedo agregarlo por empresa, por marca o por tienda.</li></ol>",1,8,Outfit\Sprint 3,Outfit,EP-04; Fase 2; Historia; Nueva 31-ago-2026,New,
User Story,US-0411 · Localizador de la prenda en tienda,"<p>Como persona consumidora en una tienda física, quiero saber en qué piso, sección y percha está la prenda, para encontrarla sin preguntar.</p><p>Depende de: US-0410, US-0404</p><p>Origen: doc 08 · ID interno: US-0411</p>","<ol><li>Dado un SKU con stock en una tienda, cuando consulto su disponibilidad, entonces veo su ubicación declarada (piso, sección, percha) si el comercio la registró.</li><li>Dado un SKU sin ubicación registrada, cuando lo consulto, entonces se muestra la tienda y la sección si existe, y se indica que la ubicación exacta no está disponible: nunca se inventa una ubicación.</li><li>Dado que estoy en el kiosco de una tienda, cuando selecciono una prenda, entonces la guía de ubicación se muestra referida a esa tienda física, con un plano o descripción textual.</li><li>Dado que la prenda no está en la tienda actual, cuando la consulto, entonces se sugieren las tiendas más cercanas que sí la tienen, ordenadas por distancia, con su disponibilidad por talla.</li><li>Dado que la ubicación cambia en el sistema del comercio, cuando se sincroniza, entonces la aplicación refleja el cambio en menos de 15 minutos.</li></ol>",2,5,Outfit\Sprint 12,Outfit,EP-04; Fase 2; Historia; Nueva 31-ago-2026,New,
User Story,US-0412 · Importación masiva de catálogo,"<p>Como administrador de tienda, quiero cargar mi catálogo completo desde un archivo, para no capturar cinco mil referencias a mano.</p><p>Depende de: US-1102, US-1104</p><p>Origen: doc 08 · ID interno: US-0412</p>","<ol><li>Dado el módulo de importación, cuando descargo la plantilla, entonces obtengo un CSV/XLSX con las columnas requeridas, sus tipos, sus valores permitidos y una fila de ejemplo.</li><li>Dado un archivo cargado, cuando lo envío, entonces el sistema ejecuta primero una validación en seco y me muestra un informe fila por fila: registros válidos, con advertencia y con error, indicando la columna y la causa.</li><li>Dado un informe con errores, cuando decido continuar, entonces solo se importan las filas válidas y puedo descargar un archivo con las filas rechazadas y su causa, listo para corregir y reenviar.</li><li>Dado un archivo con referencias ya existentes, cuando importo, entonces puedo elegir entre crear solo nuevas, actualizar existentes o reemplazar, y el sistema muestra cuántos registros afectará cada opción antes de ejecutar.</li><li>Dada una importación en curso, cuando el archivo supera las 1.000 filas, entonces el proceso corre en segundo plano, muestra progreso y notifica al terminar; la sesión puede cerrarse sin interrumpirlo.</li><li>Dada una importación terminada, cuando reviso el resultado, entonces existe un identificador de lote que permite revertir la importación completa dentro de las 24 horas siguientes.</li><li>Dado el mismo archivo enviado dos veces por error, cuando se procesa, entonces el sistema detecta el duplicado por huella del contenido y pide confirmación explícita (RN-010).</li><li>Dada cualquier importación, cuando termina, entonces queda auditada con actor, lote, conteos y resultado.</li></ol>",1,13,Outfit\Sprint 7,Outfit,EP-04; Fase 2; Historia; Nueva 31-ago-2026,New,
User Story,US-0413 · Taxonomía y atributos configurables por empresa,"<p>Como administrador de empresa, quiero definir mis propias categorías, colores, materiales, referencias y atributos, para que el catálogo hable el lenguaje de mi negocio.</p><p>Depende de: US-1102</p><p>Origen: doc 08 · ID interno: US-0413</p>","<ol><li>Dada la configuración de catálogo, cuando la abro, entonces puedo gestionar categorías (con jerarquía de hasta 3 niveles), paleta de colores comerciales con su valor hexadecimal, materiales/telas y temporadas.</li><li>Dado un atributo personalizado, cuando lo creo, entonces defino su nombre, tipo (texto, número, lista, booleano), si es obligatorio y si es filtrable en el catálogo del consumidor.</li><li>Dado un color comercial (p. ej. ""azul petróleo""), cuando lo defino, entonces lo asocio a un color canónico de la plataforma para que la búsqueda por color funcione entre marcas distintas.</li><li>Dado que intento eliminar una categoría o atributo en uso, cuando lo hago, entonces el sistema lo impide indicando cuántos productos lo usan y ofrece reasignar antes de eliminar.</li><li>Dada la taxonomía de un tenant, cuando otro tenant consulta, entonces no puede verla ni usarla (RN-009).</li><li>Dado que no configuro nada, cuando creo un producto, entonces uso la taxonomía base de la plataforma sin fricción.</li></ol>",1,8,Outfit\Sprint 7,Outfit,EP-04; Fase 2; Historia; Nueva 31-ago-2026,New,
User Story,US-1306 · Embudo prueba → compra,"<p>Como administrador de empresa, quiero ver qué prendas se prueban y cuáles terminan en compra, desglosado por talla, color y tienda, para saber dónde estoy perdiendo la venta.</p><p>Depende de: EN-1302, US-1303</p><p>Origen: doc 08 · ID interno: US-1306</p>","<ol><li>Dado el tablero, cuando lo abro, entonces veo el embudo impresión → vista de detalle → prueba virtual → favorito/carrito → acción comercial con conteos y tasas de paso entre etapas.</li><li>Dado el embudo, cuando aplico un desglose, entonces puedo segmentarlo por producto, variante, talla, color, categoría, marca, tienda y rango de fechas.</li><li>Dada una variante concreta, cuando la abro, entonces veo su tasa de conversión prueba → compra comparada con la mediana de su categoría, con la diferencia señalada.</li><li>Dados los datos mostrados, cuando corresponden a un segmento con menos de 30 usuarios distintos, entonces el sistema oculta el detalle y muestra solo el agregado, para no permitir reidentificación.</li><li>Dado el tablero, cuando exporto, entonces obtengo CSV con los datos agregados visibles y la exportación queda auditada.</li><li>Dado que soy STORE_MANAGER, cuando abro el tablero, entonces solo veo datos de mis tiendas.</li></ol>",1,8,Outfit\Sprint 19,Outfit,EP-13; Fase 3; Historia; Nueva 31-ago-2026,New,
User Story,"US-1307 · Prendas más vistas, más probadas y peor convertidas","<p>Como administrador de empresa, quiero rankings de interés y de conversión, para decidir qué reponer, qué destacar y qué revisar.</p><p>Depende de: US-1306</p><p>Origen: doc 08 · ID interno: US-1307</p>","<ol><li>Dado el módulo de rankings, cuando lo abro, entonces veo tres listas: más vistas, más probadas y mayor brecha prueba-compra, cada una con su métrica y su variación frente al período anterior.</li><li>Dada la lista de mayor brecha, cuando la ordeno, entonces prioriza productos con volumen suficiente de pruebas (umbral configurable) para evitar ruido de cola larga.</li><li>Dado un producto del ranking, cuando lo abro, entonces veo su desglose por talla y color y las señales asociadas (stock agotado en la talla más probada, precio por encima de la categoría, activo de baja calidad).</li><li>Dado el período, cuando lo cambio (7, 30, 90 días), entonces todos los rankings se recalculan de forma coherente.</li><li>Dado que un producto se despublicó en el período, cuando aparece en el ranking, entonces se marca como despublicado para no inducir a error.</li></ol>",1,5,Outfit\Sprint 19,Outfit,EP-13; Fase 3; Historia; Nueva 31-ago-2026,New,
User Story,EN-1308 · Modelo predictivo de conversión y demanda,"<p>Como equipo de datos, necesito un modelo que estime la probabilidad de que una prueba virtual termine en compra y proyecte la demanda por SKU y talla, para alimentar reposición y ranking.</p><p>Depende de: EN-1302, US-1306</p><p>Origen: doc 08 · ID interno: EN-1308</p>","<ol><li>Dado el histórico de eventos, cuando se entrena el modelo, entonces se usan únicamente datos agregados o seudonimizados, y ninguna medida corporal individual identificable entra al conjunto de entrenamiento.</li><li>Dado el modelo entrenado, cuando se evalúa contra un conjunto de prueba temporalmente posterior (no aleatorio), entonces supera de forma medible a la línea base (tasa histórica de conversión de la categoría); el umbral concreto se fija en el primer entrenamiento y queda registrado.</li><li>Dado el modelo en producción, cuando emite una predicción, entonces registra versión de modelo, versión de características y marca de tiempo (RN-015).</li><li>Dado que el rendimiento del modelo se degrada por debajo del umbral durante dos períodos consecutivos, cuando se detecta, entonces se genera alerta y el sistema vuelve a la línea base determinista automáticamente.</li><li>Dado un tenant nuevo sin histórico, cuando se solicita una predicción, entonces se usa el modelo global de la categoría y se marca la predicción como baja confianza.</li><li>Dado el desempeño del modelo, cuando se evalúa, entonces se reportan métricas desagregadas por categoría y por tienda para detectar sesgos de segmento.</li></ol>",2,13,Outfit\Sprint 20,Outfit,EP-13; Fase 3; Habilitador; Nueva 31-ago-2026,New,
User Story,US-1309 · Alertas de anomalía prueba-compra,"<p>Como administrador de empresa, quiero que el sistema me avise cuando una prenda se prueba mucho y se compra poco, para corregir la causa antes de perder la temporada.</p><p>Depende de: US-1306, EN-1308</p><p>Origen: doc 08 · ID interno: US-1309</p>","<ol><li>Dado el motor de anomalías, cuando una variante supera un volumen mínimo de pruebas y su conversión cae significativamente por debajo de la de su categoría, entonces se genera una alerta.</li><li>Dada una alerta, cuando la abro, entonces incluye causas candidatas ordenadas: talla más probada sin stock, precio por encima de la mediana de la categoría, activo visual de baja calidad, tabla de tallas inconsistente, o devoluciones altas del mismo producto.</li><li>Dada una causa candidata, cuando la selecciono, entonces me lleva directamente a la pantalla donde puedo corregirla (stock, precio, activos, tabla de tallas).</li><li>Dada una alerta, cuando la marco como revisada o descartada, entonces no vuelve a generarse para esa variante durante el período configurado.</li><li>Dadas las alertas, cuando configuro notificaciones, entonces puedo elegir recibirlas por correo diaria o semanalmente, agrupadas, nunca una por evento.</li></ol>",2,5,Outfit\Sprint 19,Outfit,EP-13; Fase 3; Historia; Nueva 31-ago-2026,New,
User Story,US-1310 · Predicción de curva de tallas faltante,"<p>Como administrador de empresa, quiero saber qué tallas debería tener y no tengo, para comprar mejor la próxima temporada.</p><p>Depende de: EN-1308, US-1304</p><p>Origen: doc 08 · ID interno: US-1310</p>","<ol><li>Dado un producto o categoría, cuando abro el análisis de curva de tallas, entonces veo la distribución de demanda estimada por talla (derivada de pruebas, búsquedas y perfiles corporales agregados) frente a la distribución de stock real.</li><li>Dada la comparación, cuando existe una brecha, entonces se cuantifica en unidades estimadas y en venta potencial perdida, con su intervalo de confianza.</li><li>Dada una talla con demanda alta y stock cero de forma sostenida, cuando se detecta, entonces se marca como quiebre recurrente y se prioriza en el informe.</li><li>Dado el análisis, cuando lo genero por tienda, entonces refleja las diferencias de curva entre tiendas (una sucursal puede tener distribución distinta a otra).</li><li>Dados los datos de origen, cuando se calculan, entonces provienen de agregados sin medidas individuales identificables (mínimo 30 usuarios por celda).</li><li>Dado el resultado, cuando lo exporto, entonces obtengo un archivo apto para pasar a compras, con SKU, talla, demanda estimada y stock actual.</li></ol>",2,8,Outfit\Sprint 20,Outfit,EP-13; Fase 3; Historia; Nueva 31-ago-2026,New,
User Story,EN-1510 · Defensa contra fuerza bruta y credential stuffing,"<p>Como responsable de seguridad, necesito que ningún endpoint de autenticación sea vulnerable a adivinación de credenciales, para proteger las cuentas sin castigar a los usuarios legítimos.</p><p>Depende de: US-0102, EN-1502</p><p>Origen: doc 08 · ID interno: EN-1510</p>","<ol><li>Dado un intento fallido de acceso, cuando se repite sobre la misma cuenta, entonces se aplica retroceso exponencial creciente por cuenta (p. ej. 0 s, 1 s, 2 s, 4 s, 8 s… hasta un tope), independientemente de la IP de origen.</li><li>Dados 10 intentos fallidos sobre una cuenta en 15 minutos, cuando se supera el umbral, entonces la cuenta queda temporalmente bloqueada 15 minutos, se notifica al titular por correo con la IP y el momento, y se ofrece recuperación segura.</li><li>Dados intentos fallidos distribuidos desde muchas IP contra muchas cuentas (patrón de credential stuffing), cuando se detecta, entonces se activa un desafío adicional (prueba de trabajo o CAPTCHA) solo a partir del umbral, nunca en el primer intento de un usuario legítimo.</li><li>Dado un intento de acceso, cuando la respuesta se construye, entonces el mensaje y el tiempo de respuesta son indistinguibles entre ""usuario no existe"" y ""contraseña incorrecta"" (mitigación de enumeración de usuarios), verificado por prueba automatizada de tiempos.</li><li>Dada una contraseña propuesta en registro o cambio, cuando se valida, entonces se rechaza si aparece en una lista de contraseñas filtradas conocidas (verificación con k-anonimato, sin enviar la contraseña).</li><li>Dados los endpoints de recuperación de contraseña, verificación de correo, reenvío de código y MFA, cuando se invocan, entonces todos tienen límite de tasa propio por cuenta, por IP y global.</li><li>Dado un acceso exitoso desde un dispositivo o ubicación no vistos antes, cuando ocurre, entonces se notifica al titular y se ofrece revocar la sesión desde el correo.</li><li>Dado cualquiera de estos eventos, cuando ocurre, entonces se registra en el log de seguridad con severidad y alimenta las alertas de US-1803.</li><li>Dada la suite de pruebas de seguridad, cuando corre en CI, entonces incluye un caso por cada uno de los criterios anteriores y bloquea el merge si alguno falla.</li></ol>",1,8,Outfit\Sprint 1,Outfit,EP-15; Fase 1; Habilitador; Nueva 31-ago-2026,New,
User Story,EN-1511 · MFA para roles administrativos,"<p>Como responsable de seguridad, necesito segundo factor obligatorio en los roles con poder administrativo, porque una contraseña filtrada no puede bastar para acceder al catálogo o a los datos de un tenant.</p><p>Depende de: US-1101</p><p>Origen: doc 08 · ID interno: EN-1511</p>","<ol><li>Dado un usuario con rol administrativo o de plataforma, cuando accede por primera vez, entonces debe registrar un segundo factor (TOTP o llave WebAuthn) antes de poder operar.</li><li>Dado un usuario con MFA registrado, cuando inicia sesión, entonces se le exige el segundo factor en cada nueva sesión y tras cada cambio de rol.</li><li>Dada una operación de alto impacto (cambio de rol, cambio de configuración de seguridad, eliminación de tenant, impersonación, exportación masiva), cuando se ejecuta, entonces se exige step-up: reconfirmar el segundo factor en ese momento.</li><li>Dado el registro de MFA, cuando se completa, entonces se entregan códigos de recuperación de un solo uso, mostrados una única vez.</li><li>Dado que un usuario pierde su segundo factor, cuando solicita restablecerlo, entonces requiere verificación fuera de banda y aprobación de un TENANT_OWNER (o de un super administrador para roles de plataforma); nunca es autoservicio.</li><li>Dado el intento de deshabilitar MFA en un rol que lo exige, cuando se intenta, entonces se rechaza.</li></ol>",1,5,Outfit\Sprint 7,Outfit,EP-15; Fase 2; Habilitador; Nueva 31-ago-2026,New,
User Story,EN-1512 · Gestión y revocación de sesiones,"<p>Como usuario, quiero ver y cerrar mis sesiones activas, para recuperar el control si pierdo un dispositivo.</p><p>Depende de: EN-1203</p><p>Origen: doc 08 · ID interno: EN-1512</p>","<ol><li>Dada mi cuenta, cuando abro sesiones activas, entonces veo cada sesión con dispositivo, sistema operativo, ubicación aproximada, último uso y si es la sesión actual.</li><li>Dada una sesión, cuando la revoco, entonces ese dispositivo pierde acceso en menos de 60 segundos, incluyendo su refresh token.</li><li>Dado que elijo cerrar todas las demás sesiones, cuando confirmo, entonces todas menos la actual se invalidan y se notifica por correo.</li><li>Dado un refresh token, cuando se usa, entonces se rota; si se detecta la reutilización de un token ya rotado, entonces se invalida toda la familia de tokens y se alerta al titular (detección de robo de token).</li><li>Dado un cambio de contraseña o una revocación de consentimiento, cuando ocurre, entonces todas las sesiones se invalidan salvo la actual.</li></ol>",2,5,Outfit\Sprint 13,Outfit,EP-15; Fase 2; Habilitador; Nueva 31-ago-2026,New,
User Story,EN-1513 · Cifrado en reposo y bóveda de claves,"<p>Como responsable de seguridad, necesito que los datos sensibles estén cifrados en reposo con claves gestionadas y rotables, para que una fuga de la base de datos no sea una fuga de datos.</p><p>Depende de: EN-1202, EN-1501</p><p>Origen: doc 08 · ID interno: EN-1513</p>","<ol><li>Dado el almacenamiento, cuando se aprovisiona, entonces base de datos, backups y almacenamiento de objetos tienen cifrado en reposo habilitado con claves gestionadas.</li><li>Dados los campos clasificados como sensibles en el mapa de datos (EN-1501), cuando se persisten, entonces se cifran a nivel de aplicación con una clave por tenant, de modo que el cifrado de disco no sea la única capa.</li><li>Dado el perfil corporal, avatar y fotos del usuario final, cuando se almacenan, entonces están cifrados de extremo a extremo con clave derivada del usuario, y el servidor no posee material para descifrarlos (RN-020, ADR-0003).</li><li>Dadas las claves, cuando se gestionan, entonces residen en una bóveda (KMS/Secret Manager), nunca en el código, ni en variables de entorno en texto plano, ni en la base de datos.</li><li>Dada la política de rotación, cuando se cumple el período (máximo 12 meses o ante incidente), entonces las claves se rotan sin tiempo de inactividad y el material anterior queda disponible solo para descifrar.</li><li>Dado el acceso a la bóveda, cuando se revisa, entonces cada servicio tiene su propia identidad y solo los permisos que necesita, y todo acceso queda auditado.</li></ol>",1,8,Outfit\Sprint 8,Outfit,EP-15; Fase 2; Habilitador; Nueva 31-ago-2026,New,
User Story,US-1514 · Exportación y portabilidad de datos del usuario,"<p>Como persona usuaria, quiero descargar todos mis datos, para ejercer mi derecho de portabilidad y para llevarme mi perfil si cambio de aplicación.</p><p>Depende de: US-0106, EN-0207</p><p>Origen: doc 08 · ID interno: US-1514</p>","<ol><li>Dado que solicito la exportación desde privacidad, cuando confirmo mi identidad, entonces el sistema genera un paquete con: datos de cuenta, perfil corporal, preferencias, favoritos, closet, historial de pruebas y consentimientos con su versión y fecha.</li><li>Dado el paquete, cuando lo recibo, entonces está en formatos abiertos (JSON + imágenes en su formato original) y viene acompañado de un archivo que explica cada campo.</li><li>Dado que mi perfil está cifrado E2E, cuando se exporta, entonces la aplicación lo descifra localmente antes de empaquetar; el servidor nunca ve el contenido claro.</li><li>Dado el enlace de descarga, cuando se genera, entonces es de un solo uso, expira en 72 horas y requiere autenticación para usarse.</li><li>Dado que solicito una exportación, cuando ya hay una en curso o una completada en las últimas 24 horas, entonces se me informa en lugar de generar otra (protección contra abuso).</li><li>Dada la solicitud, cuando se procesa, entonces se completa en un plazo máximo de 15 días hábiles y queda registrada.</li></ol>",2,5,Outfit\Sprint 13,Outfit,EP-15; Fase 2; Historia; Nueva 31-ago-2026,New,
User Story,EN-0207 · Cifrado local del perfil corporal,"<p>Como equipo, necesito que el perfil corporal se almacene cifrado en el dispositivo y, si se sincroniza, cifrado de extremo a extremo, para que el dato más sensible del producto no sea legible por nadie más que su titular.</p><p>Depende de: EN-0206, EN-1501</p><p>Origen: doc 08 · ID interno: EN-0207</p>","<ol><li>Dado el perfil corporal (medidas, silueta, avatar, fotos), cuando se persiste en el dispositivo, entonces se cifra con una clave protegida por el almacén de claves del sistema operativo (Android Keystore), respaldada por hardware cuando el dispositivo lo permite.</li><li>Dado un dispositivo con bloqueo de pantalla activo, cuando la aplicación está en segundo plano, entonces la clave no está disponible en memoria y el dato no puede leerse sin desbloquear.</li><li>Dado que el usuario activa la sincronización, cuando el perfil se envía al servidor, entonces viaja y se almacena como blob cifrado con clave derivada del usuario; el servidor almacena, no descifra.</li><li>Dado un intento de leer el perfil desde el backend con credenciales de administrador o de plataforma, cuando se ejecuta, entonces se obtiene el blob cifrado y es ilegible (prueba negativa automatizada, RN-020).</li><li>Dado un dispositivo rooteado o comprometido detectado por atestación, cuando se detecta, entonces la aplicación advierte y ofrece no persistir datos corporales en ese dispositivo.</li><li>Dado que el usuario desinstala la aplicación, cuando ocurre, entonces el material de clave local se destruye con ella.</li></ol>",1,8,Outfit\Sprint 2,Outfit,EP-02; Fase 1; Habilitador; Nueva 31-ago-2026,New,
User Story,US-0208 · Recuperar el perfil en un dispositivo nuevo,"<p>Como persona usuaria, quiero recuperar mis medidas y mi avatar en un teléfono nuevo, para no volver a medirme cada vez que cambio de dispositivo.</p><p>Depende de: EN-0207</p><p>Origen: doc 08 · ID interno: US-0208</p>","<ol><li>Dado que activo la sincronización cifrada, cuando lo hago, entonces se me genera una frase de recuperación (12 palabras), se me explica que sin ella el dato es irrecuperable, y debo confirmar que la guardé.</li><li>Dado un dispositivo nuevo, cuando inicio sesión e introduzco la frase de recuperación, entonces mi perfil corporal, preferencias y avatar se restauran completos.</li><li>Dada una frase incorrecta, cuando la introduzco, entonces se rechaza sin revelar información parcial, y se aplica límite de intentos con retroceso.</li><li>Dado que pierdo la frase de recuperación, cuando lo indico, entonces el sistema explica claramente que el perfil cifrado no puede recuperarse y ofrece empezar de nuevo, sin ofrecer ninguna vía que implique que el servidor pueda descifrar.</li><li>Dado que no quiero sincronizar, cuando lo elijo, entonces todo funciona solo en local y se me advierte que perderé el perfil si pierdo el dispositivo.</li><li>Dado que emparejo un dispositivo adicional, cuando lo hago, entonces recibo notificación en los dispositivos ya registrados.</li></ol>",2,8,Outfit\Sprint 11,Outfit,EP-02; Fase 2; Historia; Nueva 31-ago-2026,New,
User Story,US-0307 · Rostro del avatar y control de visibilidad,"<p>Como persona usuaria, quiero que mi avatar se parezca a mí, incluyendo una aproximación de mi rostro, y decidir cuándo se muestra, para reconocerme sin exponer mi cara.</p><p>Depende de: US-0301, US-0105</p><p>Origen: doc 08 · ID interno: US-0307</p>","<ol><li>Dado el avatar creado, cuando abro la personalización de rostro, entonces puedo elegir entre: rostro genérico, rostro estilizado a partir de una foto, o sin rostro.</li><li>Dado que elijo generar el rostro desde una foto, cuando lo solicito, entonces se requiere un consentimiento adicional y específico para tratamiento de imagen facial, separado del consentimiento corporal, explicando finalidad, tratamiento local y retención (RN-006).</li><li>Dado el procesamiento del rostro, cuando ocurre, entonces se realiza en el dispositivo y produce una aproximación estilizada, no una plantilla biométrica de identificación; la foto de origen se descarta al terminar salvo consentimiento explícito de conservación.</li><li>Dado el control de visibilidad, cuando lo configuro, entonces puedo definir por separado si el rostro se muestra en la aplicación, al compartir una prueba y en el kiosco de tienda; el valor por defecto al compartir es oculto.</li><li>Dado que comparto una prueba con el rostro oculto, cuando se genera la imagen, entonces el rostro se sustituye por la versión sin rostro en el archivo exportado, no se difumina sobre el original.</li><li>Dado que revoco el consentimiento facial, cuando lo hago, entonces el rostro se elimina del avatar y de todos los activos derivados en menos de 72 horas (RN-021).</li><li>Dado el modo kiosco, cuando se usa, entonces nunca se genera ni se muestra un rostro, aunque el usuario lo tenga configurado en su cuenta.</li></ol>",2,8,Outfit\Sprint 11,Outfit,EP-03; Fase 2; Historia; Nueva 31-ago-2026,New,
User Story,EN-1608 · Splash animado por empresa,"<p>Como equipo, necesito una pantalla de arranque animada, personalizable por tenant y accesible, para dar identidad al inicio sin retrasar el uso.</p><p>Depende de: US-0101</p><p>Origen: doc 08 · ID interno: EN-1608</p>","<ol><li>Dado que abro la aplicación, cuando arranca, entonces se muestra la animación de marca (persona que se transforma en avatar) sobre la identidad del tenant activo, usando la API de splash screen del sistema operativo (sin actividad intermedia propia).</li><li>Dada la animación, cuando el contenido de la aplicación está listo antes de que termine, entonces la animación se corta con una transición suave: el splash nunca añade espera artificial.</li><li>Dado un arranque en frío, cuando se mide, entonces el splash no aporta más de 300 ms al tiempo total hasta el primer contenido útil.</li><li>Dado un dispositivo con reducción de movimiento activada, cuando arranca, entonces se muestra el logo estático sin animación.</li><li>Dado un tenant con logo y colores propios, cuando un usuario de ese tenant abre la aplicación, entonces el splash usa su identidad; sin tenant activo, usa la identidad de la plataforma.</li></ol>",2,3,Outfit\Sprint 5,Outfit,EP-16; Fase 1; Habilitador; Nueva 31-ago-2026,New,
User Story,US-0107 · Selección de empresa y tienda activa,"<p>Como usuario administrativo con acceso a varias empresas o tiendas, quiero elegir el contexto en el que trabajo, para no equivocarme de inventario.</p><p>Depende de: US-1101, US-0410</p><p>Origen: doc 08 · ID interno: US-0107</p>","<ol><li>Dado que tengo acceso a más de un tenant o más de una tienda, cuando inicio sesión, entonces debo elegir el contexto activo antes de operar.</li><li>Dado que tengo acceso a uno solo, cuando inicio sesión, entonces entro directo sin preguntar.</li><li>Dado un contexto activo, cuando navego, entonces está siempre visible en la interfaz (nombre de empresa y tienda) y puedo cambiarlo desde cualquier pantalla.</li><li>Dado un cambio de contexto, cuando ocurre, entonces se descarta la caché del contexto anterior y no se muestran datos mezclados en ninguna pantalla.</li><li>Dado el contexto activo, cuando se envía una petición, entonces el servidor valida que ese contexto pertenece a mis asignaciones de rol; si no, devuelve 404 y audita el intento (RN-009).</li></ol>",1,3,Outfit\Sprint 7,Outfit,EP-01; Fase 2; Historia; Nueva 31-ago-2026,New,
User Story,US-1006 · Cupones y promociones,"<p>Como persona usuaria, quiero recibir y aplicar cupones, para aprovechar promociones de las tiendas que sigo.</p><p>Depende de: US-0901, US-1204</p><p>Origen: doc 08 · ID interno: US-1006</p>","<ol><li>Dado un cupón vigente para mi perfil, cuando abro la sección de cupones, entonces lo veo con su descuento, condiciones, tiendas aplicables y fecha de vencimiento.</li><li>Dado un cupón aplicado al carrito, cuando no cumple las condiciones (monto mínimo, tienda, categoría, primera compra), entonces se rechaza indicando exactamente qué condición falta.</li><li>Dado un cupón de un solo uso, cuando intento aplicarlo por segunda vez, entonces se rechaza (RN-010).</li><li>Dado un cupón vencido o revocado por el comercio, cuando lo abro, entonces aparece marcado como no disponible y no puede aplicarse.</li><li>Dado que un comercio crea un cupón, cuando lo configura, entonces define alcance, vigencia, límite de usos totales y por usuario, y la creación queda auditada.</li><li>Dados dos cupones aplicables, cuando ambos están en el carrito, entonces se aplica la política de acumulación configurada por el tenant y se explica al usuario cuál se aplicó y por qué.</li></ol>",3,5,Outfit\Sprint 18,Outfit,EP-10; Fase 3; Historia; Nueva 31-ago-2026,New,
User Story,US-1007 · Suscripción premium del consumidor,"<p>Como persona usuaria, quiero una suscripción opcional con beneficios, para acceder a funciones avanzadas si me resultan útiles.</p><p>Depende de: US-0905, US-1603</p><p>Origen: doc 08 · ID interno: US-1007</p>","<ol><li>Dada la pantalla de suscripción, cuando la abro, entonces veo con claridad qué incluye cada nivel, su precio, su periodicidad y qué sigue siendo gratuito.</li><li>Dado el núcleo del producto (medidas, talla, probador 2D, catálogo, favoritos), cuando no tengo suscripción, entonces sigue siendo gratuito y completo.</li><li>Dado que me suscribo, cuando el pago se confirma, entonces los beneficios se activan de inmediato y recibo comprobante.</li><li>Dado que cancelo, cuando lo hago, entonces conservo los beneficios hasta el final del período pagado y se me informa la fecha exacta; no hay reactivación automática silenciosa.</li><li>Dado que la suscripción vence o falla el cobro, cuando ocurre, entonces se degradan solo las funciones premium; ningún dato del usuario se pierde ni se bloquea.</li><li>Dada la gestión de la suscripción, cuando la abro, entonces puedo ver el historial de cobros, cambiar de nivel y cancelar sin contactar a soporte.</li></ol>",3,5,Outfit\Sprint 18,Outfit,EP-16; Fase 3; Historia; Nueva 31-ago-2026,New,
User Story,SP-1405 · Spike: precisión de la medición automática calibrada,"<p>Como equipo, necesito saber con qué error mide una instalación fija calibrada, para decidir si el espejo puede recomendar talla o solo mostrar la prenda.</p><p>Depende de: SP-0304</p><p>Origen: doc 08 · ID interno: SP-1405</p>","<ol><li>Dado un montaje de referencia (cámara fija, distancia y altura conocidas, iluminación controlada, patrón de calibración), cuando se mide a un panel de al menos 30 personas con diversidad de contextura, altura, tono de piel y vestimenta, entonces se registra el error de cada medida clave contra medición manual con cinta.</li><li>Dado el conjunto de resultados, cuando se analiza, entonces se reporta error medio, error máximo, desviación y métricas desagregadas por segmento para detectar sesgo (R-13).</li><li>Dado el error medido, cuando se compara con el criterio de aprobación, entonces el spike aprueba si al menos el 80% de las mediciones caen en ±2,0 cm en pecho, cintura y cadera, ninguna supera ±4,0 cm, y no hay degradación relativa por segmento; en caso contrario el espejo no recomienda talla y queda como probador visual.</li><li>Dado el resultado, cuando se documenta, entonces incluye el impacto de la ropa que lleva puesta la persona (holgada frente a ajustada), que es la principal fuente de error en este escenario.</li><li>Dado el montaje, cuando se prueba, entonces se documenta la matriz de hardware con la que el pipeline en tiempo real sostiene el objetivo de FPS, y con cuál no.</li><li>Dado que la precisión depende sobre todo de la cámara, cuando se diseña el banco de pruebas, entonces se comparan al menos cámara RGB simple frente a cámara con profundidad (RGB-D) en el mismo montaje, para cuantificar la diferencia antes de decidir la compra ([13 § 7](13-stack-tecnologico.md)).</li><li>Dado el banco de pruebas, cuando se monta, entonces es un prototipo desechable (trípode, portátil con GPU, lámpara, tela de fondo): el número decide la compra, no al revés.</li></ol>",1,13,Outfit\Sprint 21,Outfit,EP-14; Fase 3; Spike; Nueva 31-ago-2026,New,
User Story,US-1406 · Medición automática anónima en el espejo,"<p>Como cliente en una tienda física, quiero que la pantalla tome mis medidas automáticamente al ponerme frente a ella, para ver qué talla me sirve sin registrarme ni desvestirme.</p><p>Depende de: SP-1405, EN-1411</p><p>Origen: doc 08 · ID interno: US-1406</p>","<ol><li>Dado que me acerco al espejo, cuando la cámara está inactiva, entonces no hay captura de ningún tipo hasta que toco la pantalla y acepto el aviso (EN-1410).</li><li>Dado que acepto, cuando me sitúo en la marca del suelo, entonces la pantalla me guía visualmente (posición, distancia, postura) y detecta cuándo la pose es válida.</li><li>Dada una pose válida, cuando se procesa, entonces la estimación de medidas ocurre en el dispositivo del espejo; ningún fotograma sale de él, verificable con capturador de tráfico (RN-014).</li><li>Dadas las medidas estimadas, cuando se evalúa el error frente a la calibración, entonces la confianza se asigna así: HIGH si el error es ≤ ±1,5 cm en las medidas clave; MEDIUM entre ±1,5 y ±3,0 cm; LOW entre ±3,0 y ±5,0 cm; NONE por encima de ±5,0 cm o con pose inválida (RN-016).</li><li>Dada la confianza asignada, cuando se presenta el resultado, entonces: con HIGH se recomienda una talla con explicación; con MEDIUM se recomienda e indica la talla contigua como alternativa; con LOW se muestra el rango probable sin recomendar una; con NONE el espejo no recomienda nada y ofrece el probador visual e ir a un asesor (RN-001). Nunca inventa una talla.</li><li>Dado que llevo ropa muy holgada o abrigo, cuando se detecta que degrada la estimación, entonces se me indica de forma amable que el resultado puede ser menos preciso.</li><li>Dado que en algún momento no quiero usar la cámara, cuando lo indico, entonces puedo seguir explorando el catálogo y ver tallas por tabla, sin medición.</li><li>Dado que termina la sesión, cuando ocurre, entonces medidas, silueta, pose y fotogramas se destruyen; nada persiste (RN-013).</li></ol>",1,13,Outfit\Sprint 21,Outfit,EP-14; Fase 3; Historia; Nueva 31-ago-2026,New,
User Story,US-1407 · Probador en tiempo real con selección táctil,"<p>Como cliente en una tienda física, quiero elegir prendas tocando la pantalla y verlas sobre mi cuerpo en tiempo real, como si fuera un espejo, para decidir sin hacer fila en el vestier.</p><p>Depende de: US-1406, EN-1411</p><p>Origen: doc 08 · ID interno: US-1407</p>","<ol><li>Dada una sesión activa, cuando el catálogo se muestra, entonces contiene únicamente el inventario disponible en esa tienda en tiempo real (RN-029), con filtros táctiles por categoría, color y talla.</li><li>Dado que toco una prenda, cuando se selecciona, entonces se superpone sobre mi imagen siguiendo mi pose, con la etiqueta de confianza y el aviso de no-garantía visibles (RN-004).</li><li>Dado que cambio de prenda, cuando toco otra, entonces la sustitución ocurre sin reiniciar la sesión ni volver a medir.</li><li>Dada una prenda con stock en la tienda, cuando la veo puesta, entonces se muestra dónde encontrarla: piso, sección y percha (US-0411).</li><li>Dada una prenda sin stock en mi talla en esa tienda, cuando la selecciono, entonces se indica claramente y se ofrecen las tiendas cercanas que sí la tienen.</li><li>Dado el rendimiento, cuando se mide en el hardware soportado, entonces la sesión sostiene el objetivo de FPS definido en SP-1405; por debajo, se reduce la resolución de procesamiento antes de degradar.</li><li>Dado un hardware que no sostiene el tiempo real, cuando se detecta, entonces el espejo degrada a foto fija con overlay, explicándolo, sin error (RN-019).</li><li>Dado que la sesión está activa, cuando miro la pantalla, entonces hay un aviso permanente de cámara activa y un botón visible de terminar sesión.</li><li>Dada la inactividad, cuando supera el tiempo configurado — corto por defecto, porque el espejo está junto al vestier y habrá cola —, entonces la sesión termina sola y la pantalla vuelve al estado de reposo.</li><li>Dado el espejo, cuando se usa, entonces nunca genera ni muestra un rostro, aunque el usuario tenga rostro configurado en su cuenta móvil (US-0307 CA-7).</li></ol>",1,13,Outfit\Sprint 21,Outfit,EP-14; Fase 3; Historia; Nueva 31-ago-2026,New,
User Story,EN-1408 · Agregación en el borde y no persistencia de medidas,"<p>Como responsable de privacidad, necesito que el espejo alimente la analítica sin que jamás salga ni se almacene una medida individual, para que el canal sea anónimo por construcción y no por política.</p><p>Depende de: US-1406, EN-1302</p><p>Origen: doc 08 · ID interno: EN-1408</p>","<ol><li>Dadas las medidas estimadas en una sesión, cuando se preparan para analítica, entonces se convierten en el dispositivo del espejo a bandas de talla por categoría (por ejemplo, talla M en camisas); las medidas numéricas nunca se transmiten.</li><li>Dado el evento que sale del espejo, cuando se inspecciona, entonces contiene únicamente: store_id, session_hash aleatorio, banda de talla, categoría, variantes probadas, duración y resultado. Ningún identificador de persona, ningún dato biométrico.</li><li>Dado el session_hash, cuando se genera, entonces es aleatorio por sesión y no deriva de nada estable: dos sesiones de la misma persona no son correlacionables (prueba automatizada).</li><li>Dado el conjunto de eventos, cuando se consulta la analítica, entonces ningún segmento con menos de 30 sesiones muestra detalle; solo agregado.</li><li>Dado un intento de reconstruir medidas individuales desde los datos almacenados, cuando se audita, entonces se verifica que es imposible: la información no existe en el sistema.</li><li>Dado el diseño, cuando se revisa, entonces el sistema no cuenta visitantes únicos, no detecta clientes recurrentes y no vincula sesiones entre sí. Es una restricción deliberada, verificada en la revisión de arquitectura.</li></ol>",1,8,Outfit\Sprint 21,Outfit,EP-14; Fase 3; Habilitador; Nueva 31-ago-2026,New,
User Story,US-1409 · Contraste de lo probado frente a lo comprado en tienda,"<p>Como administrador de tienda, quiero saber qué se probaron los clientes en el espejo y qué terminaron comprando, para descubrir la venta que estoy perdiendo y en qué talla.</p><p>Depende de: EN-1408, US-1306</p><p>Origen: doc 08 · ID interno: US-1409</p>","<ol><li>Dado el tablero de la tienda, cuando lo abro, entonces veo qué variantes y qué bandas de talla se probaron en el espejo, y cuáles se vendieron en el mismo período.</li><li>Dada una variante muy probada y poco vendida, cuando se calcula, entonces aparece destacada con su brecha cuantificada frente a la mediana de su categoría.</li><li>Dada una banda de talla probada con frecuencia y sin stock en esa tienda, cuando se detecta, entonces se reporta como venta perdida por curva de tallas, con la demanda estimada (US-1310).</li><li>Dada la sesión terminada, cuando el cliente quiere llevarse su selección a la caja, entonces el espejo emite un código corto de un solo uso (4 letras + 4 dígitos, alfabeto sin caracteres ambiguos) mostrado en pantalla grande y como QR, con vigencia de 2 horas.</li><li>Dado ese código, cuando llega a la caja, entonces puede capturarse escaneándolo o tecleándolo manualmente: ambas vías producen atribución exacta y así se indica en el tablero.</li><li>Dado un código ya canjeado o vencido, cuando se intenta usar de nuevo, entonces se rechaza (RN-010) y el intento no altera ninguna atribución previa.</li><li>Dado el código, cuando se genera, entonces es aleatorio, de un solo uso y no deriva del session_hash ni de nada de la persona: vincula una sesión con una venta, nunca una persona con un historial.</li><li>Dada una venta sin código capturado, cuando se calcula la atribución, entonces se usa correlación agregada por SKU, talla, tienda y ventana temporal, y el tablero la muestra etiquetada como estimada, nunca como exacta.</li><li>Dados los datos presentados, cuando se generan, entonces provienen solo de agregados anónimos; ningún dato del tablero permite identificar a una persona (EN-1408).</li><li>Dado el resultado, cuando lo exporto, entonces obtengo un archivo apto para compras, y la exportación queda auditada.</li></ol>",1,8,Outfit\Sprint 21,Outfit,EP-14; Fase 3; Historia; Nueva 31-ago-2026,New,
User Story,EN-1410 · Consentimiento y señalización en espacio físico,"<p>Como responsable legal, necesito que el tratamiento de imagen en un espacio público cumpla la exigencia de autorización previa, expresa, informada y cualificada, porque una casilla en una pantalla no basta en un entorno físico.</p><p>Depende de: EN-1501</p><p>Origen: doc 08 · ID interno: EN-1410</p>","<ol><li>Dada la instalación, cuando se despliega, entonces existe señalización visible en el acceso a la zona de vestier, antes del campo de la cámara, indicando qué hace el sistema, qué procesa, que nada se guarda y quién es el responsable del tratamiento.</li><li>Dada la pantalla en reposo, cuando nadie interactúa, entonces la cámara está apagada: no hay captura pasiva de quien pasa por delante, verificado por prueba y por indicador físico del hardware.</li><li>Dado que alguien toca la pantalla, cuando se inicia, entonces se muestra un aviso corto y comprensible y se exige aceptación explícita antes de activar la cámara.</li><li>Dado el aviso, cuando lo leo, entonces existe una alternativa clara e igual de accesible para explorar el catálogo y consultar tallas sin cámara.</li><li>Dada la cámara activa, cuando la sesión transcurre, entonces hay un indicador permanente en pantalla y un botón de terminar siempre visible.</li><li>Dada la primera instalación, cuando se planifica, entonces existe revisión jurídica documentada y aprobada; sin ella el despliegue está bloqueado.</li><li>Dado el texto del aviso, cuando cambia, entonces se versiona igual que los demás consentimientos y la versión mostrada queda registrada en el evento de sesión.</li><li>Dado el encuadre de la cámara, cuando se instala junto al vestier, entonces no puede incluir puertas, cortinas ni el interior de ningún probador; se verifica en la puesta en marcha y se documenta con una foto del encuadre aprobada por el responsable de la tienda.</li></ol>",1,5,Outfit\Sprint 21,Outfit,EP-14; Fase 3; Habilitador; Nueva 31-ago-2026,New,
User Story,EN-1411 · Calibración de la instalación y detección de descalibración,"<p>Como equipo de operación, necesito que cada espejo se calibre en la instalación y avise cuando se descalibre, porque toda la precisión depende de conocer la geometría del espacio.</p><p>Depende de: SP-1405</p><p>Origen: doc 08 · ID interno: EN-1411</p>","<ol><li>Dada una instalación nueva, cuando se pone en marcha, entonces un asistente guía la calibración con un patrón físico de referencia y registra altura, ángulo y distancia de la cámara.</li><li>Dada una calibración, cuando se completa, entonces se valida midiendo el patrón y comparando contra su dimensión conocida; si el error supera el umbral, no se acepta y se pide repetir.</li><li>Dada una instalación calibrada, cuando corre la verificación periódica, entonces detecta desviaciones respecto a la referencia (por ejemplo si alguien movió la cámara) y genera alerta.</li><li>Dada una descalibración detectada, cuando ocurre, entonces el espejo deja de recomendar talla y sigue funcionando como probador visual, avisando al operador de la tienda.</li><li>Dado el estado de cada espejo, cuando el administrador consulta el panel, entonces ve su estado de calibración, última verificación y versión de software.</li><li>Dada la configuración de una instalación, cuando se guarda, entonces queda asociada al store_id y al dispositivo, y todo cambio se audita.</li><li>Dado el sitio físico, cuando se ejecuta la puesta en marcha, entonces el asistente verifica la distancia mínima entre cámara y marca del suelo y rechaza la instalación si es insuficiente, explicando el valor requerido ([13 § 7](13-stack-tecnologico.md)).</li><li>Dado el encuadre resultante, cuando se valida, entonces se confirma que cubre el cuerpo completo con margen y que no incluye zonas de probador (EN-1410 CA-8).</li></ol>",1,8,Outfit\Sprint 21,Outfit,EP-14; Fase 3; Habilitador; Nueva 31-ago-2026,New,
User Story,EN-2003 · Segmentación contextual sin datos corporales,"<p>Como responsable de privacidad, necesito que el motor publicitario solo pueda leer señales de contexto, para que el modelo de ingresos no obligue a desmontar la arquitectura de privacidad.</p><p>Depende de: EN-1302</p><p>Origen: doc 08 · ID interno: EN-2003</p>","<ol><li>Dado el servicio de decisión publicitaria, cuando solicita señales, entonces solo tiene acceso a: categoría en pantalla, marca, tienda, ciudad, temporada, idioma, moneda y preferencias de estilo declaradas con consentimiento vigente.</li><li>Dado un intento de leer medidas, talla recomendada, silueta, avatar o imágenes desde el motor publicitario, cuando se ejecuta, entonces falla en compilación: esas fuentes no están en el contrato del servicio (verificado por ArchUnit).</li><li>Dado un usuario que rechazó la personalización, cuando navega, entonces sigue viendo publicidad, pero únicamente contextual por categoría y tienda; el núcleo del producto no se degrada (RN-007).</li><li>Dado un anuncio servido, cuando se registra, entonces el evento guarda qué señales se usaron, de modo que la segmentación sea auditable.</li><li>Dada la suite de pruebas, cuando corre en CI, entonces incluye una prueba negativa por cada fuente prohibida de RN-038 y bloquea el merge si alguna es accesible.</li></ol>",1,8,Outfit\Sprint 18,Outfit,EP-20; Fase 3; Habilitador; Nueva 31-ago-2026,New,
User Story,US-2001 · Espacios publicitarios y banners,"<p>Como plataforma, quiero mostrar banners y productos patrocinados en zonas designadas, para generar ingresos sin degradar la experiencia de compra.</p><p>Depende de: EN-2003</p><p>Origen: doc 08 · ID interno: US-2001</p>","<ol><li>Dado el catálogo, cuando se renderiza, entonces los espacios publicitarios aparecen solo en las zonas designadas y como máximo uno visible por pantalla.</li><li>Dado el probador —móvil o espejo—, cuando está activo, entonces no se muestra ningún anuncio, en ninguna forma.</li><li>Dado un producto patrocinado, cuando aparece en un listado, entonces lleva la etiqueta visible de patrocinio (SponsoredLabel), no ocultable ni traducible a un texto ambiguo (RN-012).</li><li>Dado un producto patrocinado sin stock vigente, cuando se evalúa, entonces no se muestra (RN-011).</li><li>Dado un anuncio que contradice una restricción declarada por el usuario, cuando se evalúa, entonces se descarta antes de mostrarse.</li><li>Dado un banner, cuando se muestra, entonces nunca se superpone a la foto de un producto ni al canvas del probador.</li><li>Dado el espejo en tienda, cuando está en reposo entre sesiones, entonces puede mostrar publicidad; al iniciar una sesión, desaparece.</li></ol>",2,8,Outfit\Sprint 18,Outfit,EP-20; Fase 3; Historia; Nueva 31-ago-2026,New,
User Story,US-2002 · Gestión de anunciantes y campañas,"<p>Como administrador de plataforma, quiero crear anunciantes y campañas con su presupuesto, vigencia y segmentación, para vender espacio publicitario sin intervención de ingeniería.</p><p>Depende de: US-2001, EN-1801</p><p>Origen: doc 08 · ID interno: US-2002</p>","<ol><li>Dado el backoffice, cuando creo un anunciante, entonces registro razón social, contacto, datos de facturación y estado.</li><li>Dada una campaña, cuando la configuro, entonces defino creatividades, espacios, vigencia, presupuesto, límite de impresiones y segmentación contextual (categoría, marca, ciudad, tienda).</li><li>Dado que intento segmentar por talla, medida o tipo de cuerpo, cuando lo busco, entonces esa opción no existe en la interfaz ni en la API (RN-038).</li><li>Dada una creatividad cargada, cuando se valida, entonces se verifica formato, peso, dimensiones y contraste mínimo; si no cumple, se rechaza indicando la causa.</li><li>Dada una campaña que agota presupuesto o vigencia, cuando ocurre, entonces deja de servirse automáticamente y se notifica al anunciante.</li><li>Dada cualquier operación sobre anunciantes o campañas, cuando se ejecuta, entonces queda auditada (EN-1801).</li><li>Dada una campaña de un tenant, cuando se sirve, entonces respeta el aislamiento: un anunciante no puede dirigirse al catálogo de otro tenant sin acuerdo explícito registrado.</li></ol>",2,8,Outfit\Sprint 19,Outfit,EP-20; Fase 3; Historia; Nueva 31-ago-2026,New,
User Story,US-2004 · Métricas de campaña para el anunciante,"<p>Como anunciante, quiero ver el desempeño de mi campaña, para decidir si renuevo.</p><p>Depende de: US-2002, EN-1302</p><p>Origen: doc 08 · ID interno: US-2004</p>","<ol><li>Dado mi panel, cuando lo abro, entonces veo impresiones, clics, CTR y consumo de presupuesto de mis campañas, por día y por espacio.</li><li>Dadas las métricas, cuando se calculan, entonces provienen de agregados; ningún dato permite identificar a un usuario ni conocer su talla o medidas.</li><li>Dado un segmento con menos de 30 usuarios distintos, cuando se consulta, entonces se muestra solo el agregado, sin desglose.</li><li>Dado mi panel, cuando exporto, entonces obtengo CSV de mis propias campañas y solo de ellas; la exportación queda auditada.</li><li>Dado un anunciante, cuando accede, entonces no ve campañas, presupuestos ni métricas de otros anunciantes (RN-009).</li></ol>",2,5,Outfit\Sprint 19,Outfit,EP-20; Fase 3; Historia; Nueva 31-ago-2026,New,
User Story,US-2005 · Facturación de campañas publicitarias,"<p>Como plataforma, quiero facturar el consumo publicitario, para cobrar lo que se sirvió.</p><p>Depende de: US-2004, EN-0908</p><p>Origen: doc 08 · ID interno: US-2005</p>","<ol><li>Dado el cierre de un período, cuando se calcula, entonces se factura el consumo real de impresiones o clics según el modelo contratado, nunca el presupuesto reservado.</li><li>Dada una discrepancia entre lo servido y lo registrado, cuando se detecta, entonces se retiene la facturación y se genera alerta antes de emitir el cobro.</li><li>Dada una factura emitida, cuando se consulta, entonces incluye el desglose por campaña y período, y es descargable.</li><li>Dado un cobro, cuando se procesa, entonces es idempotente (RN-010).</li></ol>",3,5,Outfit\Sprint 19,Outfit,EP-20; Fase 3; Historia; Nueva 31-ago-2026,New,
User Story,US-0209 · Perfiles de allegados,"<p>Como persona adulta, quiero guardar las medidas de mis hijos o de otras personas para las que compro, para acertar la talla sin tenerlos delante.</p><p>Depende de: EN-0207, US-0202</p><p>Origen: doc 08 · ID interno: US-0209</p>","<ol><li>Dado mi perfil, cuando añado un allegado, entonces registro un nombre o alias, si es menor de edad, y sus medidas introducidas a mano o derivadas de edad y estatura.</li><li>Dado un allegado marcado como menor, cuando abro su ficha, entonces ninguna función de cámara está disponible: ni medición automática, ni probador sobre foto, ni avatar (RN-022 ampliada).</li><li>Dado un allegado, cuando consulto una prenda, entonces recibo la recomendación de talla para esa persona, con la misma explicación y confianza que para mí (RN-016).</li><li>Dados los datos de un allegado, cuando se persisten, entonces se cifran en el dispositivo igual que mi propio perfil y no salen de él ([ADR-0003](adr/ADR-0003-almacenamiento-perfil-corporal.md)).</li><li>Dado un allegado, cuando lo elimino, entonces sus datos se borran del dispositivo de inmediato.</li><li>Dada una prenda de categoría íntima, cuando el perfil activo es un allegado menor, entonces no se muestra el probador visual en ninguna forma (RN-037).</li><li>Dado el cambio de perfil activo, cuando ocurre, entonces la interfaz indica con claridad para quién se está comprando.</li></ol>",1,5,Outfit\Sprint 3,Outfit,EP-02; Fase 1; Historia; Nueva 31-ago-2026,New,
User Story,US-1412 · Carrito anónimo en el espejo,"<p>Como cliente en una tienda física, quiero añadir al carrito lo que me probé en el espejo y llevarlo a la caja o a mi teléfono, para comprarlo sin volver a buscarlo.</p><p>Depende de: US-1407, US-1409</p><p>Origen: doc 08 · ID interno: US-1412</p>","<ol><li>Dada una sesión activa, cuando añado una prenda al carrito, entonces se agrega con su talla y color, y veo el total actualizado.</li><li>Dado el carrito, cuando reviso el contenido, entonces cada línea muestra disponibilidad vigente en esa tienda; lo agotado se marca y no bloquea el resto (RN-003, RN-011).</li><li>Dado que quiero comprar, cuando termino, entonces elijo entre: código para pagar en caja (US-1409) o QR para pasar el carrito a mi móvil (US-1402).</li><li>Dado el espejo, cuando llego al pago, entonces nunca se solicitan datos de tarjeta ni credenciales en la pantalla del espejo: es una pantalla compartida en espacio público.</li><li>Dado el carrito, cuando la sesión termina o expira, entonces se borra por completo con el resto de la sesión (RN-013), sin dejar rastro para la persona siguiente.</li><li>Dado el carrito transferido al móvil, cuando el cliente lo abre, entonces contiene las mismas prendas y tallas, y a partir de ahí sigue el flujo de compra normal de la app.</li><li>Dado el evento de carrito del espejo, cuando se envía a analítica, entonces es anónimo y agregado igual que el resto de la sesión (EN-1408).</li></ol>",1,8,Outfit\Sprint 21,Outfit,EP-14; Fase 3; Historia; Nueva 31-ago-2026,New,
User Story,SP-0619 · Estrategia de obtención de activos de prenda,"<p>Como equipo, necesito saber de dónde saldrán los activos visuales de cada prenda y cuánto cuestan, porque de ese número depende la viabilidad del probador más allá del 2D básico.</p><p>Depende de: US-1103</p><p>Origen: doc 08 · ID interno: SP-0619</p>","<ol><li>Dadas las cuatro vías posibles, cuando se evalúan sobre un conjunto de 10 prendas reales, entonces se documenta para cada una: costo por prenda, tiempo por prenda, calidad resultante y requisitos para el comercio.</li><li>Dado el resultado, cuando se compara, entonces se emite una recomendación explícita de vía por categoría de prenda, no una única para todo el catálogo.</li><li>Dada la vía A, cuando se prueba, entonces se mide qué categorías dan un overlay 2D aceptable solo con la foto de producto: es lo que determina el alcance real del MVP sin inversión.</li><li>Dada la vía D, cuando se estima, entonces se cuantifica el esfuerzo de construir el pipeline y el punto de equilibrio frente a la vía C, en número de prendas.</li><li>Dado el conjunto de resultados, cuando se presenta, entonces incluye una recomendación de secuencia: qué vía usar en Fase 2 y bajo qué condición cambiar a otra.</li><li>Dado el resultado, cuando llega al gate del Sprint 8, entonces se decide junto con SP-0606 si AR continúa o si la Fase 2 se reorienta a mejorar el 2D ([ADR-0006](adr/ADR-0006-probador-progresivo.md)). Nota: la vía A es la que hace que el MVP funcione sin invertir un peso en activos, y por eso es la primera que hay que medir. Un buen overlay 2D desde la foto de producto cubre la promesa central del producto; el 3D solo hace falta para AR.</li></ol>",1,8,Outfit\Sprint 8,Outfit,EP-06; Fase 2; Spike; Nueva 31-ago-2026,New,
